timestamp,received_timestamp,price,quantity,market,symbol,price_reason
1718480112264,1718480197065.1233,66175.1,0.018,1,B-BTC_USDT,f
1718480112268,1718480197069.125,66175.2,0.075,0,B-BTC_USDT,f
1718480112748,1718480197549.1282,66175.2,0.025,0,B-BTC_USDT,f
1718480112766,1718480197567.13,66175.1,1.648,1,B-BTC_USDT,f
1718480114612,1718480199413.1484,66175.1,0.739,1,B-BTC_USDT,f
1718480115519,1718480200320.1572,66175.2,0.111,0,B-BTC_USDT,f
1718480116064,1718480200865.1628,66175.1,0.002,1,B-BTC_USDT,f
1718480116683,1718480201484.169,66175.2,0.004,0,B-BTC_USDT,f
1718480117467,1718480202268.1768,66175.2,0.02,0,B-BTC_USDT,f
1718480118744,1718480203545.1897,66175.2,0.015,0,B-BTC_USDT,f
1718480119165,1718480203966.1938,66175.1,0.058,1,B-BTC_USDT,f
1718480119925,1718480204726.201,66175.1,0.003,1,B-BTC_USDT,f
1718480120026,1718480204827.2024,66175.1,0.01,1,B-BTC_USDT,f
1718480120224,1718480205025.2043,66175.1,0.003,1,B-BTC_USDT,f
1718480121307,1718480206108.2153,66175.1,0.009,1,B-BTC_USDT,f
1718480121877,1718480206678.221,66175.2,0.011,0,B-BTC_USDT,f
1718480122359,1718480207160.2253,66175.2,0.011,0,B-BTC_USDT,f
1718480122476,1718480207277.2266,66175.2,0.002,0,B-BTC_USDT,f
1718480122591,1718480207392.2275,66175.1,0.002,1,B-BTC_USDT,f
1718480122699,1718480207500.2292,66175.2,0.022,0,B-BTC_USDT,f
1718480124262,1718480209063.2449,66175.1,0.018,1,B-BTC_USDT,f
1718480125842,1718480210643.2607,66175.2,0.003,0,B-BTC_USDT,f
1718480127096,1718480211897.2727,66175.1,0.004,1,B-BTC_USDT,f
1718480127209,1718480212010.2742,66175.1,0.004,1,B-BTC_USDT,f
1718480127859,1718480212660.2793,66175.1,1.26,1,B-BTC_USDT,f
1718480127860,1718480212661.2793,66175.0,0.23,1,B-BTC_USDT,f
1718480127891,1718480212692.2795,66174.4,0.038,1,B-BTC_USDT,f
1718480127860,1718480212661.2795,66174.6,0.1,1,B-BTC_USDT,f
1718480127931,1718480212732.28,66174.0,0.003,1,B-BTC_USDT,f
1718480127940,1718480212741.28,66173.7,0.006,1,B-BTC_USDT,f
1718480127940,1718480212741.28,66173.5,0.089,1,B-BTC_USDT,f
1718480127891,1718480212692.28,66174.2,0.077,1,B-BTC_USDT,f
1718480127931,1718480212732.28,66173.9,0.295,1,B-BTC_USDT,f
1718480127944,1718480212745.28,66172.7,0.038,1,B-BTC_USDT,f
1718480127943,1718480212744.28,66173.4,0.969,1,B-BTC_USDT,f
1718480127944,1718480212745.28,66172.5,0.304,1,B-BTC_USDT,f
1718480127944,1718480212745.28,66173.0,0.131,1,B-BTC_USDT,f
1718480127944,1718480212745.28,66172.9,0.076,1,B-BTC_USDT,f
1718480127944,1718480212745.28,66172.4,0.003,1,B-BTC_USDT,f
1718480127950,1718480212751.28,66172.0,0.141,1,B-BTC_USDT,f
1718480127944,1718480212745.2803,66172.3,0.084,1,B-BTC_USDT,f
1718480127950,1718480212751.2817,66171.9,0.257,1,B-BTC_USDT,f
1718480128651,1718480213452.2876,66171.5,0.201,1,B-BTC_USDT,f
1718480128693,1718480213494.289,66171.6,5.545,0,B-BTC_USDT,f
1718480129358,1718480214159.2957,66171.5,0.003,1,B-BTC_USDT,f
1718480130033,1718480214834.3025,66171.5,0.105,1,B-BTC_USDT,f
1718480130576,1718480215377.3079,66171.5,0.449,1,B-BTC_USDT,f
1718480130767,1718480215568.3093,66171.5,0.358,1,B-BTC_USDT,f
1718480130878,1718480215679.3108,66171.5,0.178,1,B-BTC_USDT,f
1718480131516,1718480216317.3174,66171.5,0.01,1,B-BTC_USDT,f
1718480132582,1718480217383.328,66171.6,0.023,0,B-BTC_USDT,f
1718480133117,1718480217918.3333,66171.5,0.408,1,B-BTC_USDT,f
1718480133252,1718480218053.3347,66171.5,0.005,1,B-BTC_USDT,f
1718480133543,1718480218344.3376,66171.6,0.003,0,B-BTC_USDT,f
1718480133977,1718480218778.342,66171.5,0.031,1,B-BTC_USDT,f
1718480134371,1718480219172.346,66171.5,0.121,1,B-BTC_USDT,f
1718480135134,1718480219935.3535,66171.5,0.027,1,B-BTC_USDT,f
1718480135848,1718480220649.3606,66171.5,0.003,1,B-BTC_USDT,f
1718480136458,1718480221259.3662,66171.5,0.02,1,B-BTC_USDT,f
1718480136562,1718480221363.368,66171.5,0.003,1,B-BTC_USDT,f
1718480136868,1718480221669.3708,66171.5,0.003,1,B-BTC_USDT,f
1718480137253,1718480222054.3748,66171.5,0.01,1,B-BTC_USDT,f
1718480137404,1718480222205.3762,66171.5,0.1,1,B-BTC_USDT,f
1718480137900,1718480222701.381,66171.5,0.063,1,B-BTC_USDT,f
1718480138459,1718480223260.3862,66171.5,0.02,1,B-BTC_USDT,f
1718480138564,1718480223365.3872,66171.5,0.011,1,B-BTC_USDT,f
1718480138666,1718480223467.389,66171.5,0.003,1,B-BTC_USDT,f
1718480139082,1718480223883.393,66171.5,0.003,1,B-BTC_USDT,f
1718480139749,1718480224550.3997,66171.5,0.013,1,B-BTC_USDT,f
1718480139898,1718480224699.4011,66171.5,0.004,1,B-BTC_USDT,f
1718480140067,1718480224868.4028,66171.5,12.089,1,B-BTC_USDT,f
1718480140214,1718480225015.4043,66171.5,0.002,1,B-BTC_USDT,f
1718480140416,1718480225217.4062,66171.5,0.02,1,B-BTC_USDT,f
1718480140622,1718480225423.4084,66171.5,0.003,1,B-BTC_USDT,f
1718480141386,1718480226187.4153,66171.6,0.002,0,B-BTC_USDT,f
1718480141458,1718480226259.4167,66171.5,0.229,1,B-BTC_USDT,f
1718480141940,1718480226741.4216,66171.5,0.019,1,B-BTC_USDT,f
1718480142127,1718480226928.4233,66171.5,0.028,1,B-BTC_USDT,f
1718480142491,1718480227292.427,66171.5,0.019,1,B-BTC_USDT,f
1718480142695,1718480227496.4292,66171.5,0.003,1,B-BTC_USDT,f
1718480142994,1718480227795.4321,66171.5,0.002,1,B-BTC_USDT,f
1718480143209,1718480228010.4343,66171.5,0.003,1,B-BTC_USDT,f
1718480143599,1718480228400.4382,66171.5,0.002,1,B-BTC_USDT,f
1718480143932,1718480228733.4414,66171.5,0.003,1,B-BTC_USDT,f
1718480144262,1718480229063.4448,66171.5,0.002,1,B-BTC_USDT,f
1718480144568,1718480229369.4473,66171.5,0.02,1,B-BTC_USDT,f
1718480144669,1718480229470.449,66171.5,0.003,1,B-BTC_USDT,f
1718480144831,1718480229632.4504,66171.5,0.004,1,B-BTC_USDT,f
1718480145294,1718480230095.455,66171.6,0.091,0,B-BTC_USDT,f
1718480145519,1718480230320.4573,66171.5,0.002,1,B-BTC_USDT,f
1718480145908,1718480230709.4612,66171.5,0.153,1,B-BTC_USDT,f
1718480146314,1718480231115.4648,66171.5,0.002,1,B-BTC_USDT,f
1718480146421,1718480231222.4663,66171.5,0.02,1,B-BTC_USDT,f
1718480146624,1718480231425.468,66171.5,0.003,1,B-BTC_USDT,f
1718480146728,1718480231529.4695,66171.6,0.002,0,B-BTC_USDT,f
1718480147137,1718480231938.4727,66171.5,0.003,1,B-BTC_USDT,f
1718480147200,1718480232001.474,66171.6,0.012,0,B-BTC_USDT,f
1718480147960,1718480232761.4817,66171.5,0.003,1,B-BTC_USDT,f
1718480148412,1718480233213.4854,66171.6,0.002,0,B-BTC_USDT,f
1718480148473,1718480233274.4868,66171.5,0.021,1,B-BTC_USDT,f
1718480148675,1718480233476.489,66171.5,0.013,1,B-BTC_USDT,f
1718480148920,1718480233721.4915,66171.5,0.107,1,B-BTC_USDT,f
1718480149070,1718480233871.493,66171.5,0.066,1,B-BTC_USDT,f
1718480149228,1718480234029.4944,66171.6,0.003,0,B-BTC_USDT,f
1718480149672,1718480234473.4988,66171.6,0.015,0,B-BTC_USDT,f
1718480149928,1718480234729.5015,66171.5,0.003,1,B-BTC_USDT,f
1718480150434,1718480235235.5066,66171.5,0.026,1,B-BTC_USDT,f
1718480150646,1718480235447.5085,66171.5,0.004,1,B-BTC_USDT,f
1718480151161,1718480235962.5137,66171.5,0.003,1,B-BTC_USDT,f
1718480151291,1718480236092.5151,66171.6,0.008,0,B-BTC_USDT,f
1718480151980,1718480236781.522,66171.5,0.004,1,B-BTC_USDT,f
1718480152391,1718480237192.5261,66171.5,0.02,1,B-BTC_USDT,f
1718480152598,1718480237399.528,66171.5,0.003,1,B-BTC_USDT,f
1718480153576,1718480238377.5376,66171.6,0.022,0,B-BTC_USDT,f
1718480153697,1718480238498.539,66171.6,0.005,0,B-BTC_USDT,f
1718480153937,1718480238738.5415,66171.5,0.003,1,B-BTC_USDT,f
1718480154242,1718480239043.5447,66171.5,0.002,1,B-BTC_USDT,f
1718480154557,1718480239358.547,66171.5,0.02,1,B-BTC_USDT,f
1718480154659,1718480239460.5486,66171.5,0.003,1,B-BTC_USDT,f
1718480154806,1718480239607.5503,66171.5,0.002,1,B-BTC_USDT,f
1718480155131,1718480239932.5522,66171.6,0.2,0,B-BTC_USDT,f
1718480155165,1718480239966.554,66171.5,0.003,1,B-BTC_USDT,f
1718480155492,1718480240293.5571,66171.5,0.003,1,B-BTC_USDT,f
1718480156021,1718480240822.5623,66171.5,0.003,1,B-BTC_USDT,f
1718480156222,1718480241023.5645,66171.5,0.003,1,B-BTC_USDT,f
1718480156421,1718480241222.5662,66171.5,0.005,1,B-BTC_USDT,f
1718480156545,1718480241346.5676,66171.5,0.021,1,B-BTC_USDT,f
1718480156746,1718480241547.5696,66171.5,0.025,1,B-BTC_USDT,f
1718480156945,1718480241746.5715,66171.5,0.024,1,B-BTC_USDT,f
1718480157146,1718480241947.5737,66171.5,0.027,1,B-BTC_USDT,f
1718480157344,1718480242145.5757,66171.5,0.025,1,B-BTC_USDT,f
1718480157571,1718480242372.578,66171.5,0.005,1,B-BTC_USDT,f
1718480157930,1718480242731.5813,66171.6,0.003,0,B-BTC_USDT,f
1718480158600,1718480243401.5881,66171.6,0.035,0,B-BTC_USDT,f
1718480159431,1718480244232.5964,66171.5,0.097,1,B-BTC_USDT,f
1718480159615,1718480244416.5984,66171.5,0.01,1,B-BTC_USDT,f
1718480160144,1718480244945.6035,66171.6,0.009,0,B-BTC_USDT,f
1718480160358,1718480245159.605,66171.5,0.011,1,B-BTC_USDT,f
1718480160442,1718480245243.605,66171.6,0.005,0,B-BTC_USDT,f
1718480160446,1718480245247.6067,66171.5,0.002,1,B-BTC_USDT,f
1718480160933,1718480245734.6116,66171.5,0.014,1,B-BTC_USDT,f
1718480161214,1718480246015.6143,66171.5,0.006,1,B-BTC_USDT,f
1718480161575,1718480246376.6165,66171.5,0.221,1,B-BTC_USDT,f
1718480161575,1718480246376.6165,66171.2,0.084,1,B-BTC_USDT,f
1718480161576,1718480246377.6165,66170.8,0.004,1,B-BTC_USDT,f
1718480161575,1718480246376.6165,66171.0,0.002,1,B-BTC_USDT,f
1718480161580,1718480246381.6165,66170.0,0.002,1,B-BTC_USDT,f
1718480161582,1718480246383.6165,66169.8,0.004,1,B-BTC_USDT,f
1718480161580,1718480246381.6165,66170.1,0.002,1,B-BTC_USDT,f
1718480161583,1718480246384.6167,66169.4,0.002,1,B-BTC_USDT,f
1718480161596,1718480246397.617,66169.2,0.004,1,B-BTC_USDT,f
1718480161626,1718480246427.6184,66169.1,0.07,1,B-BTC_USDT,f
1718480161880,1718480246681.6208,66169.2,0.002,0,B-BTC_USDT,f
1718480162226,1718480247027.6228,66168.9,0.517,1,B-BTC_USDT,f
1718480162226,1718480247027.6228,66168.1,0.15,1,B-BTC_USDT,f
1718480162215,1718480247016.6228,66169.1,0.038,1,B-BTC_USDT,f
1718480162226,1718480247027.6228,66168.0,0.002,1,B-BTC_USDT,f
1718480162226,1718480247027.623,66168.6,0.002,1,B-BTC_USDT,f
1718480162226,1718480247027.623,66169.0,0.009,1,B-BTC_USDT,f
1718480162226,1718480247027.623,66167.8,0.673,1,B-BTC_USDT,f
1718480162237,1718480247038.6245,66167.7,0.091,1,B-BTC_USDT,f
1718480162753,1718480247554.6296,66167.7,0.015,1,B-BTC_USDT,f
1718480163032,1718480247833.6323,66167.7,0.058,1,B-BTC_USDT,f
1718480163192,1718480247993.634,66167.7,0.025,1,B-BTC_USDT,f
1718480163455,1718480248256.6367,66167.7,0.02,1,B-BTC_USDT,f
1718480163597,1718480248398.6382,66167.7,0.003,1,B-BTC_USDT,f
1718480163849,1718480248650.6392,66167.8,0.026,0,B-BTC_USDT,f
1718480163850,1718480248651.6406,66167.7,0.029,1,B-BTC_USDT,f
1718480164950,1718480249751.651,66167.8,0.043,0,B-BTC_USDT,f
1718480165014,1718480249815.6523,66167.7,0.02,1,B-BTC_USDT,f
1718480165297,1718480250098.655,66167.8,0.024,0,B-BTC_USDT,f
1718480166269,1718480251070.6648,66167.7,0.022,1,B-BTC_USDT,f
1718480167046,1718480251847.6719,66167.7,0.025,1,B-BTC_USDT,f
1718480167130,1718480251931.6733,66167.8,0.002,0,B-BTC_USDT,f
1718480168331,1718480253132.6855,66167.7,0.004,1,B-BTC_USDT,f
1718480169050,1718480253851.6924,66167.7,0.002,1,B-BTC_USDT,f
1718480169175,1718480253976.6938,66167.7,0.008,1,B-BTC_USDT,f
1718480169371,1718480254172.6956,66167.7,0.002,1,B-BTC_USDT,f
1718480169501,1718480254302.697,66167.8,0.015,0,B-BTC_USDT,f
1718480169679,1718480254480.699,66167.7,0.029,1,B-BTC_USDT,f
1718480169885,1718480254686.701,66167.7,0.002,1,B-BTC_USDT,f
1718480170258,1718480255059.7048,66167.7,0.033,1,B-BTC_USDT,f
1718480170858,1718480255659.7107,66167.7,0.003,1,B-BTC_USDT,f
1718480171722,1718480256523.7192,66167.8,0.002,0,B-BTC_USDT,f
1718480171900,1718480256701.7212,66167.7,0.521,1,B-BTC_USDT,f
1718480173715,1718480258516.7393,66167.7,0.022,1,B-BTC_USDT,f
1718480174209,1718480259010.7441,66167.7,0.011,1,B-BTC_USDT,f
1718480174334,1718480259135.7454,66167.7,0.007,1,B-BTC_USDT,f
1718480175354,1718480260155.7546,66167.8,0.007,0,B-BTC_USDT,f
1718480175413,1718480260214.7563,66167.7,0.082,1,B-BTC_USDT,f
1718480175850,1718480260651.7605,66167.7,0.054,1,B-BTC_USDT,f
1718480177127,1718480261928.7734,66167.7,0.002,1,B-BTC_USDT,f
1718480177282,1718480262083.775,66167.7,0.007,1,B-BTC_USDT,f
1718480179226,1718480264027.7944,66167.8,0.002,0,B-BTC_USDT,f
1718480179500,1718480264301.797,66167.8,0.002,0,B-BTC_USDT,f
1718480180322,1718480265123.8052,66167.7,0.004,1,B-BTC_USDT,f
1718480180464,1718480265265.807,66167.7,0.005,1,B-BTC_USDT,f
1718480180804,1718480265605.8103,66167.8,0.069,0,B-BTC_USDT,f
1718480181316,1718480266117.8154,66167.7,0.413,1,B-BTC_USDT,f
1718480181680,1718480266481.819,66167.8,0.005,0,B-BTC_USDT,f
1718480181842,1718480266643.8206,66167.8,0.008,0,B-BTC_USDT,f
1718480182277,1718480267078.825,66167.7,0.015,1,B-BTC_USDT,f
1718480183201,1718480268002.8342,66167.8,0.002,0,B-BTC_USDT,f
1718480183568,1718480268369.838,66167.7,0.002,1,B-BTC_USDT,f
1718480184451,1718480269252.8467,66167.8,0.022,0,B-BTC_USDT,f
1718480184736,1718480269537.849,66167.8,0.005,0,B-BTC_USDT,f
1718480184856,1718480269657.8503,66167.8,0.05,0,B-BTC_USDT,f
1718480184978,1718480269779.8518,66167.7,0.003,1,B-BTC_USDT,f
1718480185572,1718480270373.8577,66167.8,0.006,0,B-BTC_USDT,f
1718480185714,1718480270515.8594,66167.7,0.003,1,B-BTC_USDT,f
1718480187149,1718480271950.8735,66167.7,0.002,1,B-BTC_USDT,f
1718480187783,1718480272584.8792,66167.8,0.005,0,B-BTC_USDT,f
1718480187840,1718480272641.8806,66167.7,0.029,1,B-BTC_USDT,f
1718480188417,1718480273218.8862,66167.7,0.007,1,B-BTC_USDT,f
1718480188985,1718480273786.892,66167.8,0.002,0,B-BTC_USDT,f
1718480189892,1718480274693.9011,66167.7,0.012,1,B-BTC_USDT,f
1718480190209,1718480275010.9043,66167.7,0.012,1,B-BTC_USDT,f
1718480190565,1718480275366.9065,66167.7,0.002,1,B-BTC_USDT,f
1718480190591,1718480275392.908,66167.8,0.004,0,B-BTC_USDT,f
1718480190784,1718480275585.91,66167.8,0.009,0,B-BTC_USDT,f
1718480192539,1718480277340.9275,66167.7,0.055,1,B-BTC_USDT,f
1718480192726,1718480277527.9294,66167.7,0.085,1,B-BTC_USDT,f
1718480192868,1718480277669.931,66167.7,0.007,1,B-BTC_USDT,f
1718480193978,1718480278779.942,66167.7,0.02,1,B-BTC_USDT,f
1718480194749,1718480279550.9485,66167.8,0.022,0,B-BTC_USDT,f
1718480194774,1718480279575.95,66167.7,0.045,1,B-BTC_USDT,f
1718480195165,1718480279966.9539,66167.7,0.186,1,B-BTC_USDT,f
1718480195754,1718480280555.9597,66167.8,0.014,0,B-BTC_USDT,f
1718480196390,1718480281191.966,66167.8,0.033,0,B-BTC_USDT,f
1718480197569,1718480282370.9778,66167.7,0.004,1,B-BTC_USDT,f
1718480197916,1718480282717.9812,66167.7,0.014,1,B-BTC_USDT,f
1718480198378,1718480283179.986,66167.7,0.002,1,B-BTC_USDT,f
1718480198820,1718480283621.9902,66167.8,0.008,0,B-BTC_USDT,f
1718480199013,1718480283814.9922,66167.8,0.006,0,B-BTC_USDT,f
1718480199350,1718480284151.9956,66167.7,0.002,1,B-BTC_USDT,f
1718480199582,1718480284383.998,66167.7,0.006,1,B-BTC_USDT,f
1718480199994,1718480284796.0022,66167.7,0.015,1,B-BTC_USDT,f
1718480200155,1718480284957.0037,66167.7,0.015,1,B-BTC_USDT,f
1718480200309,1718480285111.0051,66167.7,0.002,1,B-BTC_USDT,f
1718480200518,1718480285320.0073,66167.7,0.002,1,B-BTC_USDT,f
1718480200708,1718480285510.0093,66167.7,0.013,1,B-BTC_USDT,f
1718480201660,1718480286462.0188,66167.7,0.004,1,B-BTC_USDT,f
1718480201983,1718480286785.022,66167.7,0.016,1,B-BTC_USDT,f
1718480202247,1718480287049.0232,66167.7,0.004,1,B-BTC_USDT,f
1718480202259,1718480287061.0247,66167.8,0.01,0,B-BTC_USDT,f
1718480203129,1718480287931.0334,66167.7,0.005,1,B-BTC_USDT,f
1718480203554,1718480288356.0374,66167.7,0.005,1,B-BTC_USDT,f
1718480203665,1718480288467.0383,66167.7,0.004,1,B-BTC_USDT,f
1718480203770,1718480288572.0398,66167.7,0.032,1,B-BTC_USDT,f
1718480204078,1718480288880.043,66167.7,0.014,1,B-BTC_USDT,f
1718480204556,1718480289358.0469,66167.7,0.006,1,B-BTC_USDT,f
1718480204615,1718480289417.0476,66167.8,0.002,0,B-BTC_USDT,f
1718480204703,1718480289505.049,66167.7,0.002,1,B-BTC_USDT,f
1718480205050,1718480289852.0515,66167.8,0.022,0,B-BTC_USDT,f
1718480205079,1718480289881.0522,66167.7,0.008,1,B-BTC_USDT,f
1718480205169,1718480289971.0537,66167.8,0.008,0,B-BTC_USDT,f
1718480205637,1718480290439.0586,66167.7,0.006,1,B-BTC_USDT,f
1718480206050,1718480290852.0627,66167.7,0.014,1,B-BTC_USDT,f
1718480206322,1718480291124.0654,66167.7,0.237,1,B-BTC_USDT,f
1718480207177,1718480291979.074,66167.7,0.006,1,B-BTC_USDT,f
1718480207612,1718480292414.078,66167.7,0.002,1,B-BTC_USDT,f
1718480207716,1718480292518.0789,66167.7,0.004,1,B-BTC_USDT,f
1718480207819,1718480292621.0798,66167.8,0.004,0,B-BTC_USDT,f
1718480207922,1718480292724.0813,66167.7,0.015,1,B-BTC_USDT,f
1718480208557,1718480293359.0876,66167.7,0.002,1,B-BTC_USDT,f
1718480209160,1718480293962.0938,66167.8,0.006,0,B-BTC_USDT,f
1718480209605,1718480294407.0981,66167.7,0.007,1,B-BTC_USDT,f
1718480209913,1718480294715.1013,66167.7,0.015,1,B-BTC_USDT,f
1718480210107,1718480294909.1033,66167.7,0.014,1,B-BTC_USDT,f
1718480210677,1718480295479.109,66167.7,0.007,1,B-BTC_USDT,f
1718480211579,1718480296381.118,66167.7,0.005,1,B-BTC_USDT,f
1718480211892,1718480296694.1206,66167.7,0.005,1,B-BTC_USDT,f
1718480211996,1718480296798.122,66167.7,0.014,1,B-BTC_USDT,f
1718480212327,1718480297129.1255,66167.8,0.053,0,B-BTC_USDT,f
1718480212653,1718480297455.1287,66167.7,0.002,1,B-BTC_USDT,f
1718480213576,1718480298378.138,66167.7,0.004,1,B-BTC_USDT,f
1718480213986,1718480298788.142,66167.7,0.015,1,B-BTC_USDT,f
1718480214611,1718480299413.1482,66167.7,0.002,1,B-BTC_USDT,f
1718480215323,1718480300125.154,66167.7,0.002,1,B-BTC_USDT,f
1718480215348,1718480300150.1558,66167.8,0.022,0,B-BTC_USDT,f
1718480215560,1718480300362.1567,66167.7,0.006,1,B-BTC_USDT,f
1718480215611,1718480300413.1582,66167.8,0.018,0,B-BTC_USDT,f
1718480215769,1718480300571.16,66167.7,0.037,1,B-BTC_USDT,f
1718480216069,1718480300871.1628,66167.7,0.017,1,B-BTC_USDT,f
1718480216735,1718480301537.1694,66167.8,0.01,0,B-BTC_USDT,f
1718480217086,1718480301888.173,66167.8,0.007,0,B-BTC_USDT,f
1718480217628,1718480302430.1782,66167.7,0.026,1,B-BTC_USDT,f
1718480217752,1718480302554.1797,66167.7,0.004,1,B-BTC_USDT,f
1718480217952,1718480302754.1814,66167.7,0.004,1,B-BTC_USDT,f
1718480218083,1718480302885.183,66167.7,0.021,1,B-BTC_USDT,f
1718480218283,1718480303085.1848,66167.7,0.018,1,B-BTC_USDT,f
1718480218413,1718480303215.1863,66167.7,0.065,1,B-BTC_USDT,f
1718480218552,1718480303354.1875,66167.7,0.006,1,B-BTC_USDT,f
1718480218684,1718480303486.189,66167.7,0.014,1,B-BTC_USDT,f
1718480218846,1718480303648.1892,66167.7,0.002,1,B-BTC_USDT,f
1718480218866,1718480303668.1895,66167.8,0.002,0,B-BTC_USDT,f
1718480218882,1718480303684.191,66167.7,0.014,1,B-BTC_USDT,f
1718480219046,1718480303848.1926,66167.7,0.002,1,B-BTC_USDT,f
1718480219804,1718480304606.2002,66167.7,0.5,1,B-BTC_USDT,f
1718480220144,1718480304946.2036,66167.8,0.008,0,B-BTC_USDT,f
1718480220336,1718480305138.2056,66167.7,0.002,1,B-BTC_USDT,f
1718480221404,1718480306206.2163,66167.7,0.002,1,B-BTC_USDT,f
1718480221781,1718480306583.2185,66169.0,0.007,0,B-BTC_USDT,f
1718480221764,1718480306566.2185,66167.8,21.878,0,B-BTC_USDT,f
1718480221781,1718480306583.2185,66168.5,0.005,0,B-BTC_USDT,f
1718480221781,1718480306583.2185,66167.9,0.23,0,B-BTC_USDT,f
1718480221781,1718480306583.2185,66168.0,0.532,0,B-BTC_USDT,f
1718480221782,1718480306584.2185,66169.3,0.002,0,B-BTC_USDT,f
1718480221785,1718480306587.2185,66169.6,0.02,0,B-BTC_USDT,f
1718480221785,1718480306587.2185,66170.0,0.184,0,B-BTC_USDT,f
1718480221787,1718480306589.2185,66170.2,0.08,0,B-BTC_USDT,f
1718480221787,1718480306589.2185,66171.6,0.477,0,B-BTC_USDT,f
1718480221787,1718480306589.2185,66170.5,0.005,0,B-BTC_USDT,f
1718480221787,1718480306589.2185,66171.5,0.011,0,B-BTC_USDT,f
1718480221785,1718480306587.2185,66169.5,0.005,0,B-BTC_USDT,f
1718480221798,1718480306600.2188,66171.7,0.002,0,B-BTC_USDT,f
1718480221787,1718480306589.2185,66171.0,0.02,0,B-BTC_USDT,f
1718480221818,1718480306620.219,66172.5,0.005,0,B-BTC_USDT,f
1718480221818,1718480306620.219,66173.5,0.005,0,B-BTC_USDT,f
1718480221818,1718480306620.2188,66172.4,0.002,0,B-BTC_USDT,f
1718480221798,1718480306600.2188,66171.8,0.173,0,B-BTC_USDT,f
1718480221818,1718480306620.2188,66171.9,0.041,0,B-BTC_USDT,f
1718480221818,1718480306620.2188,66173.1,0.004,0,B-BTC_USDT,f
1718480221818,1718480306620.2188,66172.8,0.002,0,B-BTC_USDT,f
1718480221818,1718480306620.2188,66172.9,0.017,0,B-BTC_USDT,f
1718480221818,1718480306620.2188,66172.0,0.007,0,B-BTC_USDT,f
1718480221818,1718480306620.2188,66173.0,0.027,0,B-BTC_USDT,f
1718480221829,1718480306631.219,66173.7,0.002,0,B-BTC_USDT,f
1718480221947,1718480306749.2202,66173.8,0.342,0,B-BTC_USDT,f
1718480221829,1718480306631.2202,66173.8,0.07,0,B-BTC_USDT,f
1718480221951,1718480306753.2217,66173.7,0.002,1,B-BTC_USDT,f
1718480222672,1718480307474.229,66173.7,0.004,1,B-BTC_USDT,f
1718480222928,1718480307730.2314,66173.7,0.119,1,B-BTC_USDT,f
1718480223371,1718480308173.2356,66173.8,0.04,0,B-BTC_USDT,f
1718480223507,1718480308309.237,66173.7,0.002,1,B-BTC_USDT,f
1718480223629,1718480308431.2385,66173.8,0.004,0,B-BTC_USDT,f
1718480224753,1718480309555.2498,66173.8,0.173,0,B-BTC_USDT,f
1718480224901,1718480309703.2507,66173.8,0.006,0,B-BTC_USDT,f
1718480225012,1718480309814.2522,66173.8,0.14,0,B-BTC_USDT,f
1718480225259,1718480310061.2532,66174.4,0.098,0,B-BTC_USDT,f
1718480225255,1718480310057.2532,66174.0,0.023,0,B-BTC_USDT,f
1718480225259,1718480310061.2532,66174.6,0.002,0,B-BTC_USDT,f
1718480225254,1718480310056.2532,66173.8,0.244,0,B-BTC_USDT,f
1718480225255,1718480310057.2532,66174.1,0.09,0,B-BTC_USDT,f
1718480225259,1718480310061.2532,66174.7,0.011,0,B-BTC_USDT,f
1718480225274,1718480310076.2534,66176.0,0.002,0,B-BTC_USDT,f
1718480225274,1718480310076.2534,66175.5,0.019,0,B-BTC_USDT,f
1718480225274,1718480310076.2534,66176.3,0.003,0,B-BTC_USDT,f
1718480225259,1718480310061.2534,66175.0,0.091,0,B-BTC_USDT,f
1718480225274,1718480310076.255,66176.4,0.002,0,B-BTC_USDT,f
1718480225500,1718480310302.257,66176.6,0.046,0,B-BTC_USDT,f
1718480225646,1718480310448.2585,66176.6,0.022,0,B-BTC_USDT,f
1718480225855,1718480310657.2593,66178.5,0.002,0,B-BTC_USDT,f
1718480225849,1718480310651.2593,66176.6,0.032,0,B-BTC_USDT,f
1718480225855,1718480310657.2593,66177.9,0.002,0,B-BTC_USDT,f
1718480225855,1718480310657.2593,66179.9,0.002,0,B-BTC_USDT,f
1718480225855,1718480310657.2593,66178.1,0.011,0,B-BTC_USDT,f
1718480225855,1718480310657.2593,66179.8,0.002,0,B-BTC_USDT,f
1718480225857,1718480310659.2593,66179.9,0.01,1,B-BTC_USDT,f
1718480225879,1718480310681.2595,66180.5,0.013,0,B-BTC_USDT,f
1718480225865,1718480310667.2595,66180.0,0.096,0,B-BTC_USDT,f
1718480225894,1718480310696.2595,66181.6,0.002,0,B-BTC_USDT,f
1718480225894,1718480310696.2595,66181.8,0.002,0,B-BTC_USDT,f
1718480225894,1718480310696.2595,66182.0,0.002,0,B-BTC_USDT,f
1718480225894,1718480310696.2595,66182.5,0.002,0,B-BTC_USDT,f
1718480225894,1718480310696.2595,66181.9,0.002,0,B-BTC_USDT,f
1718480225879,1718480310681.2595,66180.7,0.002,0,B-BTC_USDT,f
1718480225894,1718480310696.2595,66182.3,0.002,0,B-BTC_USDT,f
1718480225894,1718480310696.261,66182.7,0.011,0,B-BTC_USDT,f
1718480226117,1718480310919.2634,66182.8,0.002,0,B-BTC_USDT,f
1718480226638,1718480311440.2686,66182.8,0.002,0,B-BTC_USDT,f
1718480227029,1718480311831.2725,66182.7,1.5,1,B-BTC_USDT,f
1718480227231,1718480312033.2744,66182.7,0.016,1,B-BTC_USDT,f
1718480227980,1718480312782.282,66182.8,9.101,0,B-BTC_USDT,f
1718480228170,1718480312972.284,66182.8,0.02,0,B-BTC_USDT,f
1718480228765,1718480313567.2898,66182.8,0.321,0,B-BTC_USDT,f
1718480229047,1718480313849.2927,66182.8,0.052,0,B-BTC_USDT,f
1718480229272,1718480314074.2944,66182.8,0.022,0,B-BTC_USDT,f
1718480229387,1718480314189.296,66182.8,2.257,0,B-BTC_USDT,f
1718480229620,1718480314422.297,66182.8,0.002,0,B-BTC_USDT,f
1718480229636,1718480314438.298,66182.7,0.009,1,B-BTC_USDT,f
1718480229738,1718480314540.299,66182.8,0.004,0,B-BTC_USDT,f
1718480229846,1718480314648.3005,66182.8,0.004,0,B-BTC_USDT,f
1718480230009,1718480314811.3022,66182.8,0.002,0,B-BTC_USDT,f
1718480230178,1718480314980.304,66182.8,0.003,0,B-BTC_USDT,f
1718480230352,1718480315154.3057,66182.8,0.009,0,B-BTC_USDT,f
1718480230537,1718480315339.3064,66182.8,0.002,0,B-BTC_USDT,f
1718480230571,1718480315373.3064,66182.7,0.03,1,B-BTC_USDT,f
1718480230581,1718480315383.3079,66182.8,0.396,0,B-BTC_USDT,f
1718480230735,1718480315537.3093,66182.8,0.023,0,B-BTC_USDT,f
1718480230867,1718480315669.3108,66182.8,0.006,0,B-BTC_USDT,f
1718480231025,1718480315827.3125,66182.8,0.003,0,B-BTC_USDT,f
1718480231324,1718480316126.314,66182.8,0.002,0,B-BTC_USDT,f
1718480231326,1718480316128.3154,66182.7,0.005,1,B-BTC_USDT,f
1718480231469,1718480316271.317,66182.8,0.042,0,B-BTC_USDT,f
1718480231651,1718480316453.3184,66182.8,0.007,0,B-BTC_USDT,f
1718480231786,1718480316588.3186,66183.2,0.002,0,B-BTC_USDT,f
1718480231782,1718480316584.3186,66182.8,0.306,0,B-BTC_USDT,f
1718480231786,1718480316588.3186,66183.6,0.002,0,B-BTC_USDT,f
1718480231786,1718480316588.3186,66184.5,0.005,0,B-BTC_USDT,f
1718480231786,1718480316588.3186,66184.0,0.007,0,B-BTC_USDT,f
1718480231786,1718480316588.3186,66184.1,0.01,0,B-BTC_USDT,f
1718480231786,1718480316588.3186,66185.0,0.005,0,B-BTC_USDT,f
1718480231786,1718480316588.3186,66183.5,0.007,0,B-BTC_USDT,f
1718480231786,1718480316588.3186,66184.7,0.002,0,B-BTC_USDT,f
1718480231790,1718480316592.3186,66186.0,0.007,0,B-BTC_USDT,f
1718480231786,1718480316588.3186,66184.3,0.002,0,B-BTC_USDT,f
1718480231786,1718480316588.3186,66184.4,0.007,0,B-BTC_USDT,f
1718480231789,1718480316591.3186,66185.6,0.074,0,B-BTC_USDT,f
1718480231786,1718480316588.3186,66185.5,0.005,0,B-BTC_USDT,f
1718480231786,1718480316588.3186,66185.1,0.002,0,B-BTC_USDT,f
1718480231786,1718480316588.3186,66185.3,0.002,0,B-BTC_USDT,f
1718480231790,1718480316592.3186,66186.1,0.002,0,B-BTC_USDT,f
1718480231790,1718480316592.3186,66186.5,0.005,0,B-BTC_USDT,f
1718480231790,1718480316592.3186,66186.7,0.002,0,B-BTC_USDT,f
1718480231790,1718480316592.3186,66186.2,0.002,0,B-BTC_USDT,f
1718480231828,1718480316630.3188,66187.1,0.002,0,B-BTC_USDT,f
1718480231828,1718480316630.3188,66187.3,0.002,0,B-BTC_USDT,f
1718480231790,1718480316592.319,66186.8,0.077,0,B-BTC_USDT,f
1718480231831,1718480316633.319,66187.7,0.002,0,B-BTC_USDT,f
1718480231850,1718480316652.319,66189.0,0.005,0,B-BTC_USDT,f
1718480231835,1718480316637.319,66188.0,0.004,0,B-BTC_USDT,f
1718480231850,1718480316652.319,66189.4,0.002,0,B-BTC_USDT,f
1718480231850,1718480316652.319,66189.1,0.002,0,B-BTC_USDT,f
1718480231850,1718480316652.319,66188.4,0.002,0,B-BTC_USDT,f
1718480231850,1718480316652.319,66189.5,0.015,0,B-BTC_USDT,f
1718480231874,1718480316676.3193,66190.0,0.012,0,B-BTC_USDT,f
1718480231853,1718480316655.3193,66189.4,0.01,1,B-BTC_USDT,f
1718480231879,1718480316681.3193,66190.8,0.05,0,B-BTC_USDT,f
1718480231879,1718480316681.3196,66190.9,0.002,0,B-BTC_USDT,f
1718480231895,1718480316697.321,66190.9,0.015,1,B-BTC_USDT,f
1718480232177,1718480316979.324,66191.0,0.003,0,B-BTC_USDT,f
1718480232581,1718480317383.328,66190.9,0.015,1,B-BTC_USDT,f
1718480232798,1718480317600.33,66190.9,0.002,1,B-BTC_USDT,f
1718480234014,1718480318816.3408,66192.0,0.013,0,B-BTC_USDT,f
1718480234014,1718480318816.3408,66191.1,0.002,0,B-BTC_USDT,f
1718480234014,1718480318816.3408,66191.0,0.157,0,B-BTC_USDT,f
1718480234014,1718480318816.3408,66191.5,0.002,0,B-BTC_USDT,f
1718480234014,1718480318816.3423,66192.5,0.05,0,B-BTC_USDT,f
1718480234295,1718480319097.3435,66192.7,0.002,0,B-BTC_USDT,f
1718480234288,1718480319090.3435,66192.6,0.079,0,B-BTC_USDT,f
1718480234303,1718480319105.3438,66193.2,0.002,0,B-BTC_USDT,f
1718480234295,1718480319097.3438,66193.1,0.002,0,B-BTC_USDT,f
1718480234303,1718480319105.3452,66193.8,0.002,0,B-BTC_USDT,f
1718480235717,1718480320519.3582,66194.4,0.764,1,B-BTC_USDT,f
1718480235750,1718480320552.3596,66194.5,0.097,0,B-BTC_USDT,f
1718480235922,1718480320724.3613,66194.5,0.026,0,B-BTC_USDT,f
1718480236199,1718480321001.364,66194.5,0.002,0,B-BTC_USDT,f
1718480236494,1718480321296.3672,66194.4,0.172,1,B-BTC_USDT,f
1718480236655,1718480321457.3687,66194.5,0.008,0,B-BTC_USDT,f
1718480237007,1718480321809.3708,66194.3,0.621,1,B-BTC_USDT,f
1718480237014,1718480321816.3708,66193.6,0.004,1,B-BTC_USDT,f
1718480237008,1718480321810.3706,66193.9,0.081,1,B-BTC_USDT,f
1718480237009,1718480321811.3708,66193.8,0.161,1,B-BTC_USDT,f
1718480237007,1718480321809.3706,66194.4,0.667,1,B-BTC_USDT,f
1718480237014,1718480321816.3708,66192.9,0.004,1,B-BTC_USDT,f
1718480237015,1718480321817.3723,66192.6,0.008,1,B-BTC_USDT,f
1718480237726,1718480322528.3794,66192.6,0.026,0,B-BTC_USDT,f
1718480238135,1718480322937.3835,66192.6,0.003,0,B-BTC_USDT,f
1718480238533,1718480323335.387,66192.5,0.002,1,B-BTC_USDT,f
1718480238642,1718480323444.388,66192.6,0.035,0,B-BTC_USDT,f
1718480238725,1718480323527.3887,66192.5,0.002,1,B-BTC_USDT,f
1718480238807,1718480323609.39,66192.6,0.021,0,B-BTC_USDT,f
1718480238921,1718480323723.3914,66192.6,0.002,0,B-BTC_USDT,f
1718480239309,1718480324111.3953,66192.6,0.011,0,B-BTC_USDT,f
1718480239582,1718480324384.398,66192.6,0.005,0,B-BTC_USDT,f
1718480239800,1718480324602.4001,66192.6,0.007,0,B-BTC_USDT,f
1718480239994,1718480324796.402,66192.6,0.002,0,B-BTC_USDT,f
1718480240170,1718480324972.4036,66192.6,0.01,0,B-BTC_USDT,f
1718480240298,1718480325100.4048,66192.6,0.005,0,B-BTC_USDT,f
1718480240401,1718480325203.4062,66192.6,0.006,0,B-BTC_USDT,f
1718480240571,1718480325373.408,66192.6,0.004,0,B-BTC_USDT,f
1718480240881,1718480325683.411,66192.6,0.009,0,B-BTC_USDT,f
1718480241233,1718480326035.4146,66192.6,0.002,0,B-BTC_USDT,f
1718480241817,1718480326619.4204,66192.6,0.019,0,B-BTC_USDT,f
1718480242072,1718480326874.4229,66192.5,0.002,1,B-BTC_USDT,f
1718480242348,1718480327150.4258,66192.5,0.022,1,B-BTC_USDT,f
1718480243026,1718480327828.431,66192.5,1.287,1,B-BTC_USDT,f
1718480243027,1718480327829.431,66192.0,0.002,1,B-BTC_USDT,f
1718480243032,1718480327834.4314,66190.9,0.006,1,B-BTC_USDT,f
1718480243066,1718480327868.4329,66190.6,0.886,0,B-BTC_USDT,f
1718480243404,1718480328206.4363,66190.0,0.007,1,B-BTC_USDT,f
1718480243841,1718480328643.4407,66190.1,0.002,0,B-BTC_USDT,f
1718480244090,1718480328892.443,66190.1,0.004,0,B-BTC_USDT,f
1718480244244,1718480329046.4446,66190.1,0.004,0,B-BTC_USDT,f
1718480244414,1718480329216.4463,66190.1,0.002,0,B-BTC_USDT,f
1718480244608,1718480329410.4482,66190.1,0.024,0,B-BTC_USDT,f
1718480244821,1718480329623.4504,66190.1,0.01,0,B-BTC_USDT,f
1718480245528,1718480330330.4575,66190.1,0.002,0,B-BTC_USDT,f
1718480247251,1718480332053.4746,66190.0,0.002,1,B-BTC_USDT,f
1718480247486,1718480332288.477,66190.1,0.021,0,B-BTC_USDT,f
1718480248188,1718480332990.4841,66190.0,0.037,1,B-BTC_USDT,f
1718480248430,1718480333232.4863,66190.0,1.298,1,B-BTC_USDT,f
1718480249067,1718480333869.4912,66190.0,0.101,1,B-BTC_USDT,f
1718480249067,1718480333869.4915,66189.7,0.195,1,B-BTC_USDT,f
1718480249068,1718480333870.493,66189.6,0.313,1,B-BTC_USDT,f
1718480250075,1718480334877.503,66189.7,0.003,0,B-BTC_USDT,f
1718480250605,1718480335407.5083,66189.7,0.02,0,B-BTC_USDT,f
1718480250870,1718480335672.5107,66189.7,0.02,0,B-BTC_USDT,f
1718480251757,1718480336559.5198,66189.7,0.002,0,B-BTC_USDT,f
1718480252132,1718480336934.5234,66189.7,0.009,0,B-BTC_USDT,f
1718480252501,1718480337303.527,66189.7,0.045,0,B-BTC_USDT,f
1718480252928,1718480337730.5315,66189.7,0.008,0,B-BTC_USDT,f
1718480253910,1718480338712.5413,66189.7,0.028,0,B-BTC_USDT,f
1718480255097,1718480339899.5525,66189.6,0.088,1,B-BTC_USDT,f
1718480255184,1718480339986.554,66189.7,0.009,0,B-BTC_USDT,f
1718480255531,1718480340333.5576,66189.7,0.025,0,B-BTC_USDT,f
1718480255718,1718480340520.5593,66189.6,0.075,1,B-BTC_USDT,f
1718480255971,1718480340773.5613,66189.6,0.011,1,B-BTC_USDT,f
1718480256075,1718480340877.5625,66189.6,0.002,1,B-BTC_USDT,f
1718480256181,1718480340983.564,66189.7,0.034,0,B-BTC_USDT,f
1718480257878,1718480342680.58,66189.7,0.633,0,B-BTC_USDT,f
1718480257930,1718480342732.5815,66189.6,0.002,1,B-BTC_USDT,f
1718480258669,1718480343471.5889,66189.6,0.006,1,B-BTC_USDT,f
1718480258872,1718480343674.5908,66189.6,0.003,1,B-BTC_USDT,f
1718480259078,1718480343880.593,66189.6,0.018,1,B-BTC_USDT,f
1718480259794,1718480344596.6,66189.7,0.086,0,B-BTC_USDT,f
1718480260500,1718480345302.6072,66189.6,0.032,1,B-BTC_USDT,f
1718480260834,1718480345636.6106,66189.6,0.006,1,B-BTC_USDT,f
1718480261249,1718480346051.6133,66189.6,0.018,1,B-BTC_USDT,f
1718480261254,1718480346056.6147,66189.7,0.012,0,B-BTC_USDT,f
1718480261460,1718480346262.6152,66189.3,0.004,1,B-BTC_USDT,f
1718480261460,1718480346262.6152,66188.4,0.003,1,B-BTC_USDT,f
1718480261453,1718480346255.6152,66189.6,0.103,1,B-BTC_USDT,f
1718480261461,1718480346263.6167,66188.1,0.002,1,B-BTC_USDT,f
1718480262809,1718480347611.6301,66188.1,0.008,1,B-BTC_USDT,f
1718480263216,1718480348018.6343,66188.1,0.02,1,B-BTC_USDT,f
1718480264568,1718480349370.6477,66188.2,0.1,0,B-BTC_USDT,f
1718480264734,1718480349536.6494,66188.1,0.009,1,B-BTC_USDT,f
1718480265147,1718480349949.6528,66188.2,0.025,0,B-BTC_USDT,f
1718480265209,1718480350011.6543,66188.1,0.019,1,B-BTC_USDT,f
1718480266353,1718480351155.6658,66188.1,0.13,1,B-BTC_USDT,f
1718480266760,1718480351562.6692,66188.1,0.008,1,B-BTC_USDT,f
1718480266865,1718480351667.671,66188.1,0.002,1,B-BTC_USDT,f
1718480267170,1718480351972.6738,66188.1,0.019,1,B-BTC_USDT,f
1718480268043,1718480352845.6826,66188.2,0.13,0,B-BTC_USDT,f
1718480268552,1718480353354.6877,66188.1,0.004,1,B-BTC_USDT,f
1718480268736,1718480353538.689,66188.1,0.006,1,B-BTC_USDT,f
1718480268837,1718480353639.6904,66188.1,0.002,1,B-BTC_USDT,f
1718480269108,1718480353910.6921,66188.2,0.001,0,B-BTC_USDT,f
1718480269154,1718480353956.6936,66188.1,0.037,1,B-BTC_USDT,f
1718480269488,1718480354290.697,66188.1,0.02,1,B-BTC_USDT,f
1718480270412,1718480355214.7063,66188.2,0.004,0,B-BTC_USDT,f
1718480270803,1718480355605.7102,66188.1,0.006,1,B-BTC_USDT,f
1718480271215,1718480356017.7144,66188.1,0.02,1,B-BTC_USDT,f
1718480271373,1718480356175.7158,66188.1,0.335,1,B-BTC_USDT,f
1718480272080,1718480356882.723,66188.1,0.132,1,B-BTC_USDT,f
1718480272783,1718480357585.7288,66188.1,0.008,1,B-BTC_USDT,f
1718480272810,1718480357612.7302,66188.2,0.2,0,B-BTC_USDT,f
1718480272978,1718480357780.732,66188.1,0.08,1,B-BTC_USDT,f
1718480273203,1718480358005.7334,66188.1,0.017,1,B-BTC_USDT,f
1718480273268,1718480358070.7349,66188.2,0.002,0,B-BTC_USDT,f
1718480273653,1718480358455.7388,66188.1,0.15,1,B-BTC_USDT,f
1718480274114,1718480358916.7417,66188.1,0.006,1,B-BTC_USDT,f
1718480274114,1718480358916.7417,66188.0,0.008,1,B-BTC_USDT,f
1718480274114,1718480358916.7432,66187.9,0.002,1,B-BTC_USDT,f
1718480274481,1718480359283.747,66187.9,0.098,1,B-BTC_USDT,f
1718480274741,1718480359543.7495,66187.9,0.009,1,B-BTC_USDT,f
1718480275151,1718480359953.7537,66187.9,0.018,1,B-BTC_USDT,f
1718480276336,1718480361138.7656,66188.0,0.093,0,B-BTC_USDT,f
1718480276825,1718480361627.7705,66187.9,0.008,1,B-BTC_USDT,f
1718480277035,1718480361837.7725,66187.9,0.002,1,B-BTC_USDT,f
1718480277234,1718480362036.774,66187.9,0.027,1,B-BTC_USDT,f
1718480277338,1718480362140.7756,66187.9,0.002,1,B-BTC_USDT,f
1718480277891,1718480362693.781,66188.0,0.003,0,B-BTC_USDT,f
1718480278444,1718480363246.7866,66188.0,0.002,0,B-BTC_USDT,f
1718480278723,1718480363525.7893,66187.9,0.002,1,B-BTC_USDT,f
1718480278873,1718480363675.7908,66187.9,0.006,1,B-BTC_USDT,f
1718480279073,1718480363875.793,66187.9,0.008,1,B-BTC_USDT,f
1718480279272,1718480364074.795,66187.9,0.025,1,B-BTC_USDT,f
1718480279473,1718480364275.7969,66187.9,0.023,1,B-BTC_USDT,f
1718480279673,1718480364475.7988,66187.9,0.028,1,B-BTC_USDT,f
1718480279891,1718480364693.8008,66187.9,0.018,1,B-BTC_USDT,f
1718480280003,1718480364805.8008,66187.8,0.091,1,B-BTC_USDT,f
1718480280003,1718480364805.8008,66187.9,0.1,1,B-BTC_USDT,f
1718480280106,1718480364908.8018,66185.8,0.013,1,B-BTC_USDT,f
1718480280003,1718480364805.8018,66186.5,0.02,1,B-BTC_USDT,f
1718480280106,1718480364908.8018,66185.9,0.002,1,B-BTC_USDT,f
1718480280106,1718480364908.8025,66185.7,0.004,1,B-BTC_USDT,f
1718480280174,1718480364976.8032,66185.7,0.009,0,B-BTC_USDT,f
1718480280262,1718480365064.804,66185.6,0.026,1,B-BTC_USDT,f
1718480280324,1718480365126.8054,66185.4,0.006,1,B-BTC_USDT,f
1718480280608,1718480365410.8071,66185.3,0.003,0,B-BTC_USDT,f
1718480280649,1718480365451.8086,66185.2,0.04,1,B-BTC_USDT,f
1718480281127,1718480365929.8135,66185.2,0.01,1,B-BTC_USDT,f
1718480281554,1718480366356.8176,66185.3,0.002,0,B-BTC_USDT,f
1718480281792,1718480366594.82,66185.2,3.0,1,B-BTC_USDT,f
1718480282245,1718480367047.8247,66185.2,0.1,1,B-BTC_USDT,f
1718480282629,1718480367431.827,66185.2,0.483,1,B-BTC_USDT,f
1718480282629,1718480367431.827,66184.7,0.003,1,B-BTC_USDT,f
1718480282629,1718480367431.827,66185.1,0.005,1,B-BTC_USDT,f
1718480282629,1718480367431.8284,66184.3,0.002,1,B-BTC_USDT,f
1718480282809,1718480367611.8303,66184.2,0.002,1,B-BTC_USDT,f
1718480283433,1718480368235.8364,66184.3,0.002,0,B-BTC_USDT,f
1718480284404,1718480369206.8462,66184.3,0.003,0,B-BTC_USDT,f
1718480284948,1718480369750.8516,66184.3,0.002,0,B-BTC_USDT,f
1718480285295,1718480370097.8545,66184.3,0.106,0,B-BTC_USDT,f
1718480285371,1718480370173.8552,66184.2,0.002,1,B-BTC_USDT,f
1718480285466,1718480370268.8567,66184.3,0.013,0,B-BTC_USDT,f
1718480285680,1718480370482.859,66184.3,0.923,0,B-BTC_USDT,f
1718480286130,1718480370932.8635,66184.3,0.013,0,B-BTC_USDT,f
1718480286496,1718480371298.8672,66184.2,0.014,1,B-BTC_USDT,f
1718480287628,1718480372430.8784,66184.3,0.031,0,B-BTC_USDT,f
1718480287783,1718480372585.88,66184.3,0.002,0,B-BTC_USDT,f
1718480288471,1718480373273.887,66184.2,0.007,1,B-BTC_USDT,f
1718480289075,1718480373877.8928,66184.2,0.04,1,B-BTC_USDT,f
1718480289981,1718480374783.902,66184.2,0.016,1,B-BTC_USDT,f
1718480290262,1718480375064.9048,66184.2,0.002,1,B-BTC_USDT,f
1718480290598,1718480375400.9082,66184.3,0.908,0,B-BTC_USDT,f
1718480290781,1718480375583.91,66184.3,0.117,0,B-BTC_USDT,f
1718480291143,1718480375945.9136,66184.2,0.002,1,B-BTC_USDT,f
1718480292203,1718480377005.924,66184.3,0.002,0,B-BTC_USDT,f
1718480292342,1718480377144.9255,66184.3,0.155,0,B-BTC_USDT,f
1718480292770,1718480377572.93,66184.3,0.031,0,B-BTC_USDT,f
1718480294235,1718480379037.944,66184.3,2.47,0,B-BTC_USDT,f
1718480294353,1718480379155.9453,66184.3,0.137,0,B-BTC_USDT,f
1718480294479,1718480379281.947,66184.3,0.004,0,B-BTC_USDT,f
1718480295287,1718480380089.955,66184.3,0.002,0,B-BTC_USDT,f
1718480295765,1718480380567.9592,66184.2,0.006,1,B-BTC_USDT,f
1718480295869,1718480380671.961,66184.3,0.966,0,B-BTC_USDT,f
1718480296205,1718480381007.964,66184.3,0.043,0,B-BTC_USDT,f
1718480296366,1718480381168.9658,66184.3,0.016,0,B-BTC_USDT,f
1718480296970,1718480381772.972,66184.2,0.007,1,B-BTC_USDT,f
1718480297218,1718480382020.9744,66184.3,0.004,0,B-BTC_USDT,f
1718480297595,1718480382397.978,66184.3,0.026,0,B-BTC_USDT,f
1718480298209,1718480383011.9841,66184.3,0.005,0,B-BTC_USDT,f
1718480299064,1718480383866.993,66184.3,0.002,0,B-BTC_USDT,f
1718480299380,1718480384182.9958,66184.3,0.075,0,B-BTC_USDT,f
1718480299559,1718480384361.9978,66184.3,0.002,0,B-BTC_USDT,f
1718480299925,1718480384728.0015,66184.3,0.002,0,B-BTC_USDT,f
1718480301737,1718480386540.0195,66184.3,0.025,0,B-BTC_USDT,f
1718480302451,1718480387254.0266,66184.3,0.002,0,B-BTC_USDT,f
1718480303010,1718480387813.031,66184.3,0.056,0,B-BTC_USDT,f
1718480303034,1718480387837.0325,66184.2,0.003,1,B-BTC_USDT,f
1718480304178,1718480388981.044,66184.2,0.003,1,B-BTC_USDT,f
1718480304588,1718480389391.048,66184.3,0.032,0,B-BTC_USDT,f
1718480306176,1718480390979.064,66184.3,0.008,0,B-BTC_USDT,f
1718480306392,1718480391195.0662,66184.2,0.095,1,B-BTC_USDT,f
1718480306674,1718480391477.0688,66184.3,1.15,0,B-BTC_USDT,f
1718480307262,1718480392065.0747,66184.2,0.002,1,B-BTC_USDT,f
1718480307711,1718480392514.0793,66184.2,0.099,1,B-BTC_USDT,f
1718480307898,1718480392701.081,66184.3,0.024,0,B-BTC_USDT,f
1718480308027,1718480392830.0823,66184.2,0.342,1,B-BTC_USDT,f
1718480308423,1718480393226.0864,66184.2,0.012,1,B-BTC_USDT,f
1718480309314,1718480394117.0952,66184.3,0.16,0,B-BTC_USDT,f
1718480310230,1718480395033.1045,66184.3,0.115,0,B-BTC_USDT,f
1718480310500,1718480395303.1072,66184.3,0.048,0,B-BTC_USDT,f
1718480312192,1718480396995.124,66184.2,0.007,1,B-BTC_USDT,f
1718480312687,1718480397490.129,66184.2,0.002,1,B-BTC_USDT,f
1718480313860,1718480398663.1409,66184.3,0.083,0,B-BTC_USDT,f
1718480316355,1718480401158.1658,66184.2,0.008,1,B-BTC_USDT,f
1718480316966,1718480401769.1719,66184.2,0.002,1,B-BTC_USDT,f
1718480317271,1718480402074.1748,66184.2,0.023,1,B-BTC_USDT,f
1718480317412,1718480402215.1763,66184.2,0.008,1,B-BTC_USDT,f
1718480318282,1718480403085.1846,66184.3,0.022,0,B-BTC_USDT,f
1718480318397,1718480403200.1858,66184.2,0.024,1,B-BTC_USDT,f
1718480318505,1718480403308.1873,66184.2,0.004,1,B-BTC_USDT,f
1718480319022,1718480403825.1924,66184.2,0.002,1,B-BTC_USDT,f
1718480319232,1718480404035.1946,66184.2,0.025,1,B-BTC_USDT,f
1718480319542,1718480404345.1975,66184.2,0.113,1,B-BTC_USDT,f
1718480320388,1718480405191.206,66184.2,0.006,1,B-BTC_USDT,f
1718480321054,1718480405857.2126,66184.2,0.029,1,B-BTC_USDT,f
1718480321240,1718480406043.2146,66184.2,0.026,1,B-BTC_USDT,f
1718480322374,1718480407177.2253,66184.2,0.004,1,B-BTC_USDT,f
1718480322478,1718480407281.227,66184.2,0.004,1,B-BTC_USDT,f
1718480322989,1718480407792.232,66184.2,0.003,1,B-BTC_USDT,f
1718480323196,1718480407999.2341,66184.2,0.025,1,B-BTC_USDT,f
1718480324361,1718480409164.2456,66184.2,0.008,1,B-BTC_USDT,f
1718480324488,1718480409291.247,66184.2,0.015,1,B-BTC_USDT,f
1718480324972,1718480409775.252,66184.2,0.004,1,B-BTC_USDT,f
1718480325176,1718480409979.2534,66184.2,0.025,1,B-BTC_USDT,f
1718480325280,1718480410083.2551,66184.2,0.002,1,B-BTC_USDT,f
1718480325566,1718480410369.2578,66184.3,0.008,0,B-BTC_USDT,f
1718480326004,1718480410807.2622,66184.3,0.078,0,B-BTC_USDT,f
1718480326429,1718480411232.2664,66184.2,0.008,1,B-BTC_USDT,f
1718480326569,1718480411372.2678,66184.3,0.013,0,B-BTC_USDT,f
1718480326949,1718480411752.2717,66184.2,0.002,1,B-BTC_USDT,f
1718480327250,1718480412053.2747,66184.2,0.023,1,B-BTC_USDT,f
1718480328034,1718480412837.2825,66184.3,2.912,0,B-BTC_USDT,f
1718480328389,1718480413192.2856,66184.2,0.004,1,B-BTC_USDT,f
1718480328497,1718480413300.287,66184.2,0.005,1,B-BTC_USDT,f
1718480328720,1718480413523.2893,66184.2,0.248,1,B-BTC_USDT,f
1718480329226,1718480414029.2944,66184.2,0.025,1,B-BTC_USDT,f
1718480330373,1718480415176.3054,66184.2,0.004,1,B-BTC_USDT,f
1718480330476,1718480415279.307,66184.2,0.004,1,B-BTC_USDT,f
1718480330832,1718480415635.3105,66184.3,0.003,0,B-BTC_USDT,f
1718480330989,1718480415792.312,66184.2,0.003,1,B-BTC_USDT,f
1718480331200,1718480416003.3142,66184.2,0.026,1,B-BTC_USDT,f
1718480332341,1718480417144.3254,66184.2,0.007,1,B-BTC_USDT,f
1718480332748,1718480417551.3296,66184.2,0.206,1,B-BTC_USDT,f
1718480332964,1718480417767.3318,66184.2,0.002,1,B-BTC_USDT,f
1718480333165,1718480417968.3337,66184.2,0.024,1,B-BTC_USDT,f
1718480333825,1718480418628.3403,66184.2,0.1,1,B-BTC_USDT,f
1718480334410,1718480419213.3455,66184.2,0.079,1,B-BTC_USDT,f
1718480334577,1718480419380.3464,66183.4,0.068,1,B-BTC_USDT,f
1718480334577,1718480419380.3464,66184.0,0.065,1,B-BTC_USDT,f
1718480334585,1718480419388.3464,66182.2,0.042,1,B-BTC_USDT,f
1718480334577,1718480419380.3464,66183.3,0.046,1,B-BTC_USDT,f
1718480334581,1718480419384.3464,66182.8,0.011,1,B-BTC_USDT,f
1718480334493,1718480419296.3464,66184.1,0.397,1,B-BTC_USDT,f
1718480334581,1718480419384.3464,66182.6,0.023,1,B-BTC_USDT,f
1718480334585,1718480419388.3464,66182.0,0.002,1,B-BTC_USDT,f
1718480334585,1718480419388.348,66181.8,0.016,1,B-BTC_USDT,f
1718480334924,1718480419727.3508,66180.7,0.002,1,B-BTC_USDT,f
1718480335027,1718480419830.3513,66180.7,0.002,1,B-BTC_USDT,f
1718480335078,1718480419881.353,66180.8,0.029,0,B-BTC_USDT,f
1718480335237,1718480420040.3545,66180.7,0.025,1,B-BTC_USDT,f
1718480335390,1718480420193.356,66180.8,0.022,0,B-BTC_USDT,f
1718480335642,1718480420445.3586,66180.7,0.01,1,B-BTC_USDT,f
1718480336472,1718480421275.367,66180.7,0.008,1,B-BTC_USDT,f
1718480336623,1718480421426.367,66180.7,0.836,1,B-BTC_USDT,f
1718480336637,1718480421440.367,66179.8,0.908,1,B-BTC_USDT,f
1718480336637,1718480421440.367,66180.0,0.013,1,B-BTC_USDT,f
1718480336633,1718480421436.367,66180.6,1.654,1,B-BTC_USDT,f
1718480336740,1718480421543.3682,66179.5,0.016,1,B-BTC_USDT,f
1718480336638,1718480421441.3682,66179.6,1.099,1,B-BTC_USDT,f
1718480336744,1718480421547.3682,66178.9,0.038,1,B-BTC_USDT,f
1718480336744,1718480421547.3682,66178.7,0.002,1,B-BTC_USDT,f
1718480336744,1718480421547.3682,66179.0,0.152,1,B-BTC_USDT,f
1718480336747,1718480421550.3694,66178.6,1.285,1,B-BTC_USDT,f
1718480336871,1718480421674.3696,66178.0,0.005,1,B-BTC_USDT,f
1718480336899,1718480421702.3704,66178.1,2.026,0,B-BTC_USDT,f
1718480336970,1718480421773.3706,66178.0,0.006,1,B-BTC_USDT,f
1718480336999,1718480421802.3713,66178.1,0.479,0,B-BTC_USDT,f
1718480337071,1718480421874.3726,66178.0,0.008,1,B-BTC_USDT,f
1718480337187,1718480421990.3735,66178.0,0.006,1,B-BTC_USDT,f
1718480337292,1718480422095.375,66178.0,0.033,1,B-BTC_USDT,f
1718480337493,1718480422296.377,66178.0,0.023,1,B-BTC_USDT,f
1718480337693,1718480422496.3792,66178.0,0.023,1,B-BTC_USDT,f
1718480337893,1718480422696.381,66178.0,0.023,1,B-BTC_USDT,f
1718480338093,1718480422896.3826,66178.0,0.025,1,B-BTC_USDT,f
1718480338199,1718480423002.384,66178.1,0.021,0,B-BTC_USDT,f
1718480338337,1718480423140.3855,66178.1,2.395,0,B-BTC_USDT,f
1718480339202,1718480424005.394,66178.0,0.226,1,B-BTC_USDT,f
1718480339375,1718480424178.396,66178.0,0.048,1,B-BTC_USDT,f
1718480339612,1718480424415.3982,66177.7,0.247,1,B-BTC_USDT,f
1718480339940,1718480424743.4016,66177.8,0.018,0,B-BTC_USDT,f
1718480340143,1718480424946.4036,66177.8,0.009,0,B-BTC_USDT,f
1718480340699,1718480425502.4092,66177.8,0.002,0,B-BTC_USDT,f
1718480341045,1718480425848.4124,66177.8,0.161,0,B-BTC_USDT,f
1718480341179,1718480425982.414,66177.8,0.013,0,B-BTC_USDT,f
1718480341893,1718480426696.4194,66177.3,0.197,1,B-BTC_USDT,f
1718480341893,1718480426696.4197,66177.6,0.366,1,B-BTC_USDT,f
1718480341893,1718480426696.4211,66176.8,0.262,1,B-BTC_USDT,f
1718480342500,1718480427303.4272,66176.7,0.004,1,B-BTC_USDT,f
1718480343371,1718480428174.4358,66176.7,0.002,1,B-BTC_USDT,f
1718480344711,1718480429514.4492,66176.8,0.002,0,B-BTC_USDT,f
1718480345129,1718480429932.452,66176.8,0.015,0,B-BTC_USDT,f
1718480345133,1718480429936.452,66176.7,0.002,1,B-BTC_USDT,f
1718480345133,1718480429936.4536,66176.8,0.02,0,B-BTC_USDT,f
1718480345378,1718480430181.4558,66176.7,0.182,1,B-BTC_USDT,f
1718480347130,1718480431933.4734,66176.7,0.041,1,B-BTC_USDT,f
1718480347529,1718480432332.4775,66176.8,0.009,0,B-BTC_USDT,f
1718480349267,1718480434070.4949,66176.7,0.002,1,B-BTC_USDT,f
1718480349807,1718480434610.5002,66176.7,0.009,1,B-BTC_USDT,f
1718480351055,1718480435858.5117,66176.8,0.045,0,B-BTC_USDT,f
1718480351106,1718480435909.5132,66176.7,0.028,1,B-BTC_USDT,f
1718480351316,1718480436119.5154,66176.8,0.012,0,B-BTC_USDT,f
1718480351926,1718480436729.5215,66176.8,0.002,0,B-BTC_USDT,f
1718480352432,1718480437235.5266,66176.8,0.006,0,B-BTC_USDT,f
1718480352844,1718480437647.5305,66176.8,0.002,0,B-BTC_USDT,f
1718480352977,1718480437780.532,66176.7,0.003,1,B-BTC_USDT,f
1718480353744,1718480438547.5396,66176.8,0.001,0,B-BTC_USDT,f
1718480354130,1718480438933.5435,66176.7,0.156,1,B-BTC_USDT,f
1718480354271,1718480439074.545,66176.8,0.002,0,B-BTC_USDT,f
1718480355263,1718480440066.5547,66176.7,0.002,1,B-BTC_USDT,f
1718480355533,1718480440336.5576,66176.7,0.011,1,B-BTC_USDT,f
1718480357100,1718480441903.5718,66176.8,0.008,0,B-BTC_USDT,f
1718480357121,1718480441924.5735,66176.7,0.002,1,B-BTC_USDT,f
1718480358172,1718480442975.584,66176.7,0.019,1,B-BTC_USDT,f
1718480359152,1718480443955.5933,66176.7,0.002,1,B-BTC_USDT,f
1718480359274,1718480444077.595,66176.8,0.011,0,B-BTC_USDT,f
1718480359444,1718480444247.5964,66176.8,0.022,0,B-BTC_USDT,f
1718480359571,1718480444374.598,66176.8,0.02,0,B-BTC_USDT,f
1718480359880,1718480444683.601,66176.7,0.005,1,B-BTC_USDT,f
1718480360302,1718480445105.6052,66176.8,0.012,0,B-BTC_USDT,f
1718480360522,1718480445325.6074,66176.8,0.002,0,B-BTC_USDT,f
1718480360662,1718480445465.609,66176.8,0.002,0,B-BTC_USDT,f
1718480361108,1718480445911.6133,66176.7,0.002,1,B-BTC_USDT,f
1718480361318,1718480446121.6152,66176.7,0.002,1,B-BTC_USDT,f
1718480361518,1718480446321.6174,66176.7,0.005,1,B-BTC_USDT,f
1718480363035,1718480447838.6326,66176.8,0.222,0,B-BTC_USDT,f
1718480363278,1718480448081.635,66176.7,0.002,1,B-BTC_USDT,f
1718480363619,1718480448422.6384,66176.8,0.015,0,B-BTC_USDT,f
1718480363771,1718480448574.64,66176.7,0.002,1,B-BTC_USDT,f
1718480364183,1718480448986.644,66176.8,0.017,0,B-BTC_USDT,f
1718480364472,1718480449275.647,66176.8,0.085,0,B-BTC_USDT,f
1718480365446,1718480450249.6565,66176.7,0.002,1,B-BTC_USDT,f
1718480365812,1718480450615.66,66176.8,0.003,0,B-BTC_USDT,f
1718480365933,1718480450736.6616,66176.8,0.2,0,B-BTC_USDT,f
1718480366175,1718480450978.6638,66176.7,0.01,1,B-BTC_USDT,f
1718480367217,1718480452020.6743,66176.7,0.002,1,B-BTC_USDT,f
1718480367363,1718480452166.6758,66176.8,0.004,0,B-BTC_USDT,f
1718480367843,1718480452646.6807,66176.7,0.002,1,B-BTC_USDT,f
1718480369741,1718480454544.6995,66176.8,0.022,0,B-BTC_USDT,f
1718480370749,1718480455552.709,66176.8,0.086,0,B-BTC_USDT,f
1718480370838,1718480455641.7102,66176.7,0.005,1,B-BTC_USDT,f
1718480370954,1718480455757.7117,66176.7,0.02,1,B-BTC_USDT,f
1718480373463,1718480458266.7363,66176.8,0.002,0,B-BTC_USDT,f
1718480373567,1718480458370.7378,66176.7,0.014,1,B-BTC_USDT,f
1718480373749,1718480458552.7397,66176.8,0.002,0,B-BTC_USDT,f
1718480375478,1718480460281.757,66176.8,0.746,0,B-BTC_USDT,f
1718480375978,1718480460781.7617,66176.8,0.208,0,B-BTC_USDT,f
1718480376104,1718480460907.7632,66176.7,0.002,1,B-BTC_USDT,f
1718480376637,1718480461440.7686,66176.7,0.003,1,B-BTC_USDT,f
1718480376878,1718480461681.7695,66176.8,0.019,0,B-BTC_USDT,f
1718480376887,1718480461690.771,66176.7,0.003,1,B-BTC_USDT,f
1718480377772,1718480462575.7798,66176.7,0.02,1,B-BTC_USDT,f
1718480378699,1718480463502.7886,66176.7,0.004,1,B-BTC_USDT,f
1718480378800,1718480463603.7898,66176.7,0.002,1,B-BTC_USDT,f
1718480378909,1718480463712.7913,66176.7,0.156,1,B-BTC_USDT,f
1718480379485,1718480464288.797,66176.8,0.123,0,B-BTC_USDT,f
1718480379768,1718480464571.7993,66176.8,0.007,0,B-BTC_USDT,f
1718480379863,1718480464666.8003,66176.7,0.02,1,B-BTC_USDT,f
1718480379978,1718480464781.802,66176.8,0.222,0,B-BTC_USDT,f
1718480380471,1718480465274.807,66176.8,0.463,0,B-BTC_USDT,f
1718480380815,1718480465618.8103,66176.8,0.011,0,B-BTC_USDT,f
1718480381274,1718480466077.815,66176.7,0.03,1,B-BTC_USDT,f
1718480381904,1718480466707.8213,66176.8,0.705,0,B-BTC_USDT,f
1718480382178,1718480466981.824,66176.7,0.019,1,B-BTC_USDT,f
1718480382547,1718480467350.8276,66176.8,0.015,0,B-BTC_USDT,f
1718480382716,1718480467519.8293,66176.7,0.006,1,B-BTC_USDT,f
1718480383961,1718480468764.842,66176.7,0.003,1,B-BTC_USDT,f
1718480384714,1718480469517.8494,66176.7,0.105,1,B-BTC_USDT,f
1718480385148,1718480469951.8528,66176.8,4.706,0,B-BTC_USDT,f
1718480385210,1718480470013.8542,66176.7,0.002,1,B-BTC_USDT,f
1718480386138,1718480470941.8623,66176.8,2.29,0,B-BTC_USDT,f
1718480386167,1718480470970.8638,66176.7,0.002,1,B-BTC_USDT,f
1718480386548,1718480471351.8677,66176.8,0.011,0,B-BTC_USDT,f
1718480388043,1718480472846.8826,66176.7,0.017,1,B-BTC_USDT,f
1718480388347,1718480473150.8855,66176.8,0.09,0,B-BTC_USDT,f
1718480388663,1718480473466.889,66176.8,0.003,0,B-BTC_USDT,f
1718480388828,1718480473631.8904,66176.8,0.016,0,B-BTC_USDT,f
1718480389249,1718480474052.893,66177.0,0.026,0,B-BTC_USDT,f
1718480389245,1718480474048.893,66176.8,4.274,0,B-BTC_USDT,f
1718480389249,1718480474052.893,66178.0,0.007,0,B-BTC_USDT,f
1718480389252,1718480474055.893,66178.6,0.019,0,B-BTC_USDT,f
1718480389252,1718480474055.893,66178.1,0.052,0,B-BTC_USDT,f
1718480389249,1718480474052.893,66176.9,0.014,0,B-BTC_USDT,f
1718480389252,1718480474055.893,66179.4,0.02,0,B-BTC_USDT,f
1718480389252,1718480474055.893,66179.5,0.005,0,B-BTC_USDT,f
1718480389249,1718480474052.8933,66177.8,0.042,0,B-BTC_USDT,f
1718480389252,1718480474055.8933,66178.5,0.005,0,B-BTC_USDT,f
1718480389252,1718480474055.8933,66179.0,0.005,0,B-BTC_USDT,f
1718480389252,1718480474055.8933,66179.8,0.002,0,B-BTC_USDT,f
1718480389265,1718480474068.8933,66180.1,0.002,0,B-BTC_USDT,f
1718480389269,1718480474072.8933,66180.8,0.06,0,B-BTC_USDT,f
1718480389257,1718480474060.8933,66179.9,1.312,0,B-BTC_USDT,f
1718480389272,1718480474075.8933,66181.1,0.002,0,B-BTC_USDT,f
1718480389272,1718480474075.8933,66181.4,0.01,0,B-BTC_USDT,f
1718480389265,1718480474068.8933,66180.0,0.002,0,B-BTC_USDT,f
1718480389272,1718480474075.8936,66181.9,0.015,0,B-BTC_USDT,f
1718480389288,1718480474091.8938,66182.0,0.002,0,B-BTC_USDT,f
1718480389272,1718480474075.8933,66181.7,0.002,0,B-BTC_USDT,f
1718480389306,1718480474109.8953,66184.0,0.16,0,B-BTC_USDT,f
1718480390081,1718480474884.9028,66184.0,0.003,0,B-BTC_USDT,f
1718480390335,1718480475138.9055,66184.0,0.088,0,B-BTC_USDT,f
1718480390537,1718480475340.906,66184.0,0.274,0,B-BTC_USDT,f
1718480390537,1718480475340.906,66184.1,0.05,0,B-BTC_USDT,f
1718480390537,1718480475340.906,66184.2,0.002,0,B-BTC_USDT,f
1718480390541,1718480475344.9075,66184.3,0.113,0,B-BTC_USDT,f
1718480390765,1718480475568.9094,66184.9,0.021,1,B-BTC_USDT,f
1718480390884,1718480475687.911,66185.0,0.002,0,B-BTC_USDT,f
1718480391353,1718480476156.9146,66185.0,0.066,0,B-BTC_USDT,f
1718480391383,1718480476186.916,66184.9,0.014,1,B-BTC_USDT,f
1718480392111,1718480476914.923,66185.0,0.018,0,B-BTC_USDT,f
1718480392258,1718480477061.9248,66184.9,0.014,1,B-BTC_USDT,f
1718480392986,1718480477789.9321,66185.0,0.03,0,B-BTC_USDT,f
1718480394063,1718480478866.9429,66184.9,0.043,1,B-BTC_USDT,f
1718480394702,1718480479505.9492,66185.0,0.02,0,B-BTC_USDT,f
1718480394943,1718480479746.951,66185.0,0.016,0,B-BTC_USDT,f
1718480395020,1718480479823.9524,66184.9,0.102,1,B-BTC_USDT,f
1718480395581,1718480480384.958,66184.9,0.097,1,B-BTC_USDT,f
1718480396667,1718480481470.9688,66184.9,0.003,1,B-BTC_USDT,f
1718480396880,1718480481683.971,66184.9,0.003,1,B-BTC_USDT,f
1718480397081,1718480481884.973,66184.9,0.087,1,B-BTC_USDT,f
1718480397847,1718480482650.9797,66184.9,0.023,1,B-BTC_USDT,f
1718480397906,1718480482709.9812,66185.0,0.04,0,B-BTC_USDT,f
1718480398047,1718480482850.9827,66184.9,0.02,1,B-BTC_USDT,f
1718480399004,1718480483807.9922,66184.9,0.004,1,B-BTC_USDT,f
1718480399685,1718480484488.9976,66185.0,0.036,0,B-BTC_USDT,f
1718480399702,1718480484505.9993,66184.9,0.005,1,B-BTC_USDT,f
1718480399977,1718480484781.002,66185.0,0.2,0,B-BTC_USDT,f
1718480400144,1718480484948.0037,66185.0,0.008,0,B-BTC_USDT,f
1718480400310,1718480485114.0054,66185.0,0.008,0,B-BTC_USDT,f
1718480400772,1718480485576.0098,66185.0,0.006,0,B-BTC_USDT,f
1718480401010,1718480485814.0122,66185.0,0.006,0,B-BTC_USDT,f
1718480401786,1718480486590.0186,66184.9,0.003,1,B-BTC_USDT,f
1718480401792,1718480486596.0188,66185.0,12.025,0,B-BTC_USDT,f
1718480401810,1718480486614.0188,66185.1,0.01,0,B-BTC_USDT,f
1718480401810,1718480486614.0203,66185.3,0.002,0,B-BTC_USDT,f
1718480401952,1718480486756.0203,66186.5,0.005,0,B-BTC_USDT,f
1718480401952,1718480486756.0203,66186.6,0.008,0,B-BTC_USDT,f
1718480401952,1718480486756.0203,66187.0,0.005,0,B-BTC_USDT,f
1718480401952,1718480486756.0203,66187.8,0.002,0,B-BTC_USDT,f
1718480401952,1718480486756.0203,66187.5,0.015,0,B-BTC_USDT,f
1718480401952,1718480486756.0203,66188.0,0.007,0,B-BTC_USDT,f
1718480401952,1718480486756.0203,66186.0,0.009,0,B-BTC_USDT,f
1718480401952,1718480486756.0203,66187.7,0.002,0,B-BTC_USDT,f
1718480401966,1718480486770.0203,66188.8,0.002,0,B-BTC_USDT,f
1718480401952,1718480486756.0203,66188.4,0.006,0,B-BTC_USDT,f
1718480401970,1718480486774.0205,66189.0,0.002,0,B-BTC_USDT,f
1718480401970,1718480486774.0217,66189.4,0.013,0,B-BTC_USDT,f
1718480402105,1718480486909.0232,66189.4,0.022,0,B-BTC_USDT,f
1718480402446,1718480487250.0266,66189.4,0.096,0,B-BTC_USDT,f
1718480403099,1718480487903.0332,66189.4,0.006,0,B-BTC_USDT,f
1718480403380,1718480488184.036,66189.4,0.062,0,B-BTC_USDT,f
1718480404062,1718480488866.0427,66189.3,0.009,1,B-BTC_USDT,f
1718480404362,1718480489166.0454,66189.4,0.006,0,B-BTC_USDT,f
1718480404482,1718480489286.0469,66189.4,0.008,0,B-BTC_USDT,f
1718480404708,1718480489512.0493,66189.3,0.755,1,B-BTC_USDT,f
1718480405190,1718480489994.0525,66189.3,0.005,1,B-BTC_USDT,f
1718480405190,1718480489994.0525,66189.4,0.002,0,B-BTC_USDT,f
1718480405111,1718480489915.0525,66189.4,0.01,0,B-BTC_USDT,f
1718480405194,1718480489998.0542,66189.3,0.008,1,B-BTC_USDT,f
1718480405840,1718480490644.0605,66189.3,0.014,1,B-BTC_USDT,f
1718480406283,1718480491087.065,66189.3,0.009,1,B-BTC_USDT,f
1718480407478,1718480492282.077,66189.3,0.154,1,B-BTC_USDT,f
1718480407697,1718480492501.0776,66189.3,0.651,1,B-BTC_USDT,f
1718480407700,1718480492504.0776,66188.6,0.471,1,B-BTC_USDT,f
1718480407700,1718480492504.0776,66188.3,0.151,1,B-BTC_USDT,f
1718480407707,1718480492511.078,66188.0,0.002,1,B-BTC_USDT,f
1718480407724,1718480492528.078,66187.3,0.004,1,B-BTC_USDT,f
1718480407724,1718480492528.0793,66186.9,0.014,1,B-BTC_USDT,f
1718480408035,1718480492839.0825,66185.3,0.076,1,B-BTC_USDT,f
1718480409506,1718480494310.0972,66185.4,0.032,0,B-BTC_USDT,f
1718480411920,1718480496724.1204,66185.4,0.006,0,B-BTC_USDT,f
1718480411965,1718480496769.1218,66185.3,0.028,1,B-BTC_USDT,f
1718480412216,1718480497020.1243,66185.3,0.603,1,B-BTC_USDT,f
1718480412441,1718480497245.1267,66185.4,0.002,0,B-BTC_USDT,f
1718480413615,1718480498419.1382,66185.3,0.002,1,B-BTC_USDT,f
1718480413897,1718480498701.141,66185.3,0.002,1,B-BTC_USDT,f
1718480414073,1718480498877.142,66185.3,0.281,1,B-BTC_USDT,f
1718480414156,1718480498960.142,66185.0,0.019,1,B-BTC_USDT,f
1718480414156,1718480498960.1438,66184.8,0.004,1,B-BTC_USDT,f
1718480414820,1718480499624.1504,66184.3,0.086,1,B-BTC_USDT,f
1718480417102,1718480501906.173,66184.4,0.016,0,B-BTC_USDT,f
1718480417754,1718480502558.1797,66184.4,0.002,0,B-BTC_USDT,f
1718480418071,1718480502875.1829,66184.4,0.003,0,B-BTC_USDT,f
1718480418270,1718480503074.1846,66184.3,0.027,1,B-BTC_USDT,f
1718480418389,1718480503193.186,66184.3,0.007,1,B-BTC_USDT,f
1718480419661,1718480504465.1987,66184.3,0.002,1,B-BTC_USDT,f
1718480420062,1718480504866.203,66184.4,0.187,0,B-BTC_USDT,f
1718480420417,1718480505221.2063,66184.4,0.002,0,B-BTC_USDT,f
1718480420837,1718480505641.2104,66184.4,0.002,0,B-BTC_USDT,f
1718480420967,1718480505771.2104,66184.4,0.008,0,B-BTC_USDT,f
1718480420988,1718480505792.2122,66184.3,0.002,1,B-BTC_USDT,f
1718480421311,1718480506115.2153,66184.3,0.012,1,B-BTC_USDT,f
1718480421463,1718480506267.2166,66184.3,0.003,1,B-BTC_USDT,f
1718480421591,1718480506395.218,66184.3,0.003,1,B-BTC_USDT,f
1718480421868,1718480506672.221,66184.3,0.003,1,B-BTC_USDT,f
1718480422321,1718480507125.2253,66184.3,0.106,1,B-BTC_USDT,f
1718480422665,1718480507469.2288,66184.4,0.002,0,B-BTC_USDT,f
1718480423035,1718480507839.2324,66184.4,0.182,0,B-BTC_USDT,f
1718480423344,1718480508148.2356,66184.4,0.035,0,B-BTC_USDT,f
1718480425890,1718480510694.261,66184.3,0.017,1,B-BTC_USDT,f
1718480426987,1718480511791.272,66184.3,0.01,1,B-BTC_USDT,f
1718480427226,1718480512030.2744,66184.3,0.002,1,B-BTC_USDT,f
1718480428050,1718480512854.2827,66184.3,0.017,1,B-BTC_USDT,f
1718480429678,1718480514482.299,66184.3,1.586,1,B-BTC_USDT,f
1718480429951,1718480514755.3018,66184.3,0.036,1,B-BTC_USDT,f
1718480430197,1718480515001.3042,66184.4,0.189,0,B-BTC_USDT,f
1718480430801,1718480515605.31,66184.3,0.018,1,B-BTC_USDT,f
1718480431113,1718480515917.3127,66184.4,0.006,0,B-BTC_USDT,f
1718480431201,1718480516005.3142,66184.3,0.031,1,B-BTC_USDT,f
1718480431471,1718480516275.317,66184.3,0.002,1,B-BTC_USDT,f
1718480432180,1718480516984.324,66184.4,0.003,0,B-BTC_USDT,f
1718480432941,1718480517745.3315,66184.4,0.022,0,B-BTC_USDT,f
1718480433138,1718480517942.3335,66184.4,0.006,0,B-BTC_USDT,f
1718480434702,1718480519506.349,66184.3,0.003,1,B-BTC_USDT,f
1718480434883,1718480519687.351,66184.3,0.026,1,B-BTC_USDT,f
1718480435621,1718480520425.3584,66184.3,0.02,1,B-BTC_USDT,f
1718480435802,1718480520606.36,66184.4,0.003,0,B-BTC_USDT,f
1718480436681,1718480521485.3684,66184.3,0.004,1,B-BTC_USDT,f
1718480436789,1718480521593.37,66184.3,0.006,1,B-BTC_USDT,f
1718480436987,1718480521791.372,66184.3,0.002,1,B-BTC_USDT,f
1718480437729,1718480522533.3794,66184.3,0.022,1,B-BTC_USDT,f
1718480438384,1718480523188.386,66184.3,0.438,1,B-BTC_USDT,f
1718480438659,1718480523463.3887,66184.3,0.003,1,B-BTC_USDT,f
1718480438981,1718480523785.3904,66184.0,0.011,1,B-BTC_USDT,f
1718480438981,1718480523785.3904,66184.2,0.163,1,B-BTC_USDT,f
1718480438965,1718480523769.3904,66184.3,0.287,1,B-BTC_USDT,f
1718480438981,1718480523785.3906,66184.1,0.004,1,B-BTC_USDT,f
1718480438981,1718480523785.3918,66183.6,0.004,1,B-BTC_USDT,f
1718480439199,1718480524003.3943,66182.9,0.004,0,B-BTC_USDT,f
1718480439383,1718480524187.396,66182.8,0.006,1,B-BTC_USDT,f
1718480439581,1718480524385.3975,66182.8,0.002,1,B-BTC_USDT,f
1718480439686,1718480524490.399,66182.8,0.021,1,B-BTC_USDT,f
1718480440731,1718480525535.4092,66182.8,0.004,1,B-BTC_USDT,f
1718480440844,1718480525648.4106,66182.8,0.003,1,B-BTC_USDT,f
1718480441053,1718480525857.4126,66182.8,0.003,1,B-BTC_USDT,f
1718480441283,1718480526087.415,66182.8,0.004,1,B-BTC_USDT,f
1718480441765,1718480526569.42,66182.8,0.021,1,B-BTC_USDT,f
1718480441922,1718480526726.4214,66182.9,0.039,0,B-BTC_USDT,f
1718480442212,1718480527016.4243,66182.9,0.079,0,B-BTC_USDT,f
1718480442695,1718480527499.4292,66182.8,0.003,1,B-BTC_USDT,f
1718480442902,1718480527706.4312,66182.8,0.003,1,B-BTC_USDT,f
1718480443210,1718480528014.4343,66182.8,0.007,1,B-BTC_USDT,f
1718480443721,1718480528525.4395,66182.8,0.021,1,B-BTC_USDT,f
1718480444397,1718480529201.4463,66182.9,0.187,0,B-BTC_USDT,f
1718480444751,1718480529555.4492,66182.8,0.003,1,B-BTC_USDT,f
1718480444852,1718480529656.4507,66182.8,0.004,1,B-BTC_USDT,f
1718480445060,1718480529864.452,66182.8,0.003,1,B-BTC_USDT,f
1718480445119,1718480529923.4534,66182.9,0.004,0,B-BTC_USDT,f
1718480445671,1718480530475.459,66182.8,0.023,1,B-BTC_USDT,f
1718480446669,1718480531473.4678,66182.9,0.01,0,B-BTC_USDT,f
1718480446718,1718480531522.469,66182.8,0.004,1,B-BTC_USDT,f
1718480446822,1718480531626.4705,66182.8,0.003,1,B-BTC_USDT,f
1718480447018,1718480531822.4724,66182.8,0.241,1,B-BTC_USDT,f
1718480447648,1718480532452.4788,66182.8,0.022,1,B-BTC_USDT,f
1718480448677,1718480533481.489,66182.8,0.003,1,B-BTC_USDT,f
1718480448882,1718480533686.491,66182.8,0.003,1,B-BTC_USDT,f
1718480449726,1718480534530.4995,66182.8,0.021,1,B-BTC_USDT,f
1718480450572,1718480535376.5073,66182.8,0.045,1,B-BTC_USDT,f
1718480450674,1718480535478.509,66182.8,0.004,1,B-BTC_USDT,f
1718480450837,1718480535641.5105,66182.8,0.014,1,B-BTC_USDT,f
1718480451100,1718480535904.5132,66182.8,0.003,1,B-BTC_USDT,f
1718480451317,1718480536121.5154,66182.9,0.029,0,B-BTC_USDT,f
1718480451626,1718480536430.5178,66182.8,0.002,1,B-BTC_USDT,f
1718480451729,1718480536533.5195,66182.8,0.021,1,B-BTC_USDT,f
1718480452004,1718480536808.521,66182.8,0.002,1,B-BTC_USDT,f
1718480452035,1718480536839.5225,66182.9,0.4,0,B-BTC_USDT,f
1718480452771,1718480537575.5293,66182.8,0.003,1,B-BTC_USDT,f
1718480452874,1718480537678.531,66182.8,0.003,1,B-BTC_USDT,f
1718480453285,1718480538089.535,66182.8,0.002,1,B-BTC_USDT,f
1718480453501,1718480538305.537,66182.9,0.016,0,B-BTC_USDT,f
1718480453696,1718480538500.539,66182.8,0.022,1,B-BTC_USDT,f
1718480453858,1718480538662.5408,66182.8,0.1,1,B-BTC_USDT,f
1718480454849,1718480539653.5503,66182.8,0.003,1,B-BTC_USDT,f
1718480454971,1718480539775.5518,66182.8,0.009,1,B-BTC_USDT,f
1718480455112,1718480539916.5522,66182.9,0.003,0,B-BTC_USDT,f
1718480455171,1718480539975.554,66182.8,0.008,1,B-BTC_USDT,f
1718480455371,1718480540175.556,66182.8,0.006,1,B-BTC_USDT,f
1718480455571,1718480540375.5579,66182.8,0.008,1,B-BTC_USDT,f
1718480455770,1718480540574.5598,66182.8,0.025,1,B-BTC_USDT,f
1718480456011,1718480540815.5623,66182.8,0.022,1,B-BTC_USDT,f
1718480456209,1718480541013.5642,66182.8,0.021,1,B-BTC_USDT,f
1718480456409,1718480541213.5662,66182.8,0.021,1,B-BTC_USDT,f
1718480456609,1718480541413.568,66182.8,0.021,1,B-BTC_USDT,f
1718480457078,1718480541882.573,66182.8,0.002,1,B-BTC_USDT,f
1718480457278,1718480542082.575,66182.8,0.003,1,B-BTC_USDT,f
1718480457479,1718480542283.577,66182.8,0.003,1,B-BTC_USDT,f
1718480458109,1718480542913.5833,66182.8,0.239,1,B-BTC_USDT,f
1718480458378,1718480543182.586,66182.8,0.036,1,B-BTC_USDT,f
1718480459680,1718480544484.5989,66182.8,0.002,1,B-BTC_USDT,f
1718480460144,1718480544948.6023,66182.9,0.009,0,B-BTC_USDT,f
1718480460160,1718480544964.6038,66182.8,0.002,1,B-BTC_USDT,f
1718480460588,1718480545392.608,66182.9,0.5,0,B-BTC_USDT,f
1718480461687,1718480546491.6174,66181.9,0.046,1,B-BTC_USDT,f
1718480461691,1718480546495.6177,66180.8,0.15,1,B-BTC_USDT,f
1718480461689,1718480546493.6174,66181.6,0.023,1,B-BTC_USDT,f
1718480461687,1718480546491.6177,66181.8,0.004,1,B-BTC_USDT,f
1718480461686,1718480546490.6177,66182.8,0.778,1,B-BTC_USDT,f
1718480461687,1718480546491.6174,66182.0,0.002,1,B-BTC_USDT,f
1718480461691,1718480546495.6177,66181.4,0.023,1,B-BTC_USDT,f
1718480461691,1718480546495.6177,66181.0,0.012,1,B-BTC_USDT,f
1718480461696,1718480546500.6182,66180.3,0.438,1,B-BTC_USDT,f
1718480461743,1718480546547.6182,66180.0,0.002,1,B-BTC_USDT,f
1718480461744,1718480546548.6194,66179.7,0.004,1,B-BTC_USDT,f
1718480461868,1718480546672.6208,66179.3,0.007,1,B-BTC_USDT,f
1718480462398,1718480547202.6262,66179.4,0.187,0,B-BTC_USDT,f
1718480463373,1718480548177.636,66179.3,0.002,1,B-BTC_USDT,f
1718480465146,1718480549950.652,66179.3,0.925,1,B-BTC_USDT,f
1718480465158,1718480549962.652,66178.5,0.005,1,B-BTC_USDT,f
1718480465151,1718480549955.652,66179.0,0.446,1,B-BTC_USDT,f
1718480465151,1718480549955.652,66178.7,0.342,1,B-BTC_USDT,f
1718480465148,1718480549952.652,66179.2,0.006,1,B-BTC_USDT,f
1718480465158,1718480549962.6523,66178.6,0.038,1,B-BTC_USDT,f
1718480465162,1718480549966.6523,66178.0,0.374,1,B-BTC_USDT,f
1718480465162,1718480549966.6523,66177.9,0.003,1,B-BTC_USDT,f
1718480465162,1718480549966.6523,66178.1,1.271,1,B-BTC_USDT,f
1718480465158,1718480549962.6523,66178.3,0.382,1,B-BTC_USDT,f
1718480465162,1718480549966.6523,66178.2,0.031,1,B-BTC_USDT,f
1718480465167,1718480549971.6523,66177.6,0.089,1,B-BTC_USDT,f
1718480465167,1718480549971.6523,66177.3,0.217,1,B-BTC_USDT,f
1718480465162,1718480549966.6523,66177.8,0.714,1,B-BTC_USDT,f
1718480465167,1718480549971.6523,66177.5,0.005,1,B-BTC_USDT,f
1718480465167,1718480549971.6523,66177.7,0.062,1,B-BTC_USDT,f
1718480465171,1718480549975.6523,66177.2,0.017,1,B-BTC_USDT,f
1718480465171,1718480549975.6523,66177.0,0.519,1,B-BTC_USDT,f
1718480465171,1718480549975.6523,66176.8,0.518,1,B-BTC_USDT,f
1718480465171,1718480549975.6523,66177.1,0.076,1,B-BTC_USDT,f
1718480465181,1718480549985.6523,66176.7,0.077,1,B-BTC_USDT,f
1718480465171,1718480549975.6523,66176.9,0.078,1,B-BTC_USDT,f
1718480465205,1718480550009.6528,66176.4,0.01,0,B-BTC_USDT,f
1718480465181,1718480549985.6528,66176.5,0.005,1,B-BTC_USDT,f
1718480465208,1718480550012.6528,66176.3,0.427,1,B-BTC_USDT,f
1718480465208,1718480550012.6533,66176.2,0.111,1,B-BTC_USDT,f
1718480465260,1718480550064.6548,66176.1,0.004,1,B-BTC_USDT,f
1718480465665,1718480550469.659,66176.1,0.002,1,B-BTC_USDT,f
1718480466851,1718480551655.6707,66176.2,0.015,0,B-BTC_USDT,f
1718480467018,1718480551822.671,66176.0,0.179,1,B-BTC_USDT,f
1718480467021,1718480551825.671,66175.5,0.047,1,B-BTC_USDT,f
1718480467019,1718480551823.671,66175.8,0.307,1,B-BTC_USDT,f
1718480467022,1718480551826.671,66175.3,0.038,1,B-BTC_USDT,f
1718480467027,1718480551831.671,66174.9,0.023,1,B-BTC_USDT,f
1718480467022,1718480551826.671,66175.1,0.002,1,B-BTC_USDT,f
1718480467021,1718480551825.671,66175.7,0.065,1,B-BTC_USDT,f
1718480467018,1718480551822.671,66176.1,0.285,1,B-BTC_USDT,f
1718480467022,1718480551826.671,66175.0,0.271,1,B-BTC_USDT,f
1718480467021,1718480551825.671,66175.4,0.133,1,B-BTC_USDT,f
1718480467027,1718480551831.6724,66174.8,0.465,1,B-BTC_USDT,f
1718480468233,1718480553037.6846,66174.8,0.004,1,B-BTC_USDT,f
1718480468696,1718480553500.6892,66174.8,0.119,1,B-BTC_USDT,f
1718480469032,1718480553836.6924,66174.9,0.075,0,B-BTC_USDT,f
1718480469174,1718480553978.6938,66174.9,0.011,0,B-BTC_USDT,f
1718480470692,1718480555496.709,66174.8,0.026,1,B-BTC_USDT,f
1718480470821,1718480555625.7104,66174.8,0.002,1,B-BTC_USDT,f
1718480471157,1718480555961.7136,66174.8,0.047,1,B-BTC_USDT,f
1718480471713,1718480556517.7192,66174.8,0.002,1,B-BTC_USDT,f
1718480472003,1718480556807.7222,66174.9,0.01,0,B-BTC_USDT,f
1718480472914,1718480557718.7314,66174.8,0.003,1,B-BTC_USDT,f
1718480473107,1718480557911.7332,66174.8,0.004,1,B-BTC_USDT,f
1718480473615,1718480558419.7383,66174.8,0.006,1,B-BTC_USDT,f
1718480473873,1718480558677.7397,66174.8,0.972,1,B-BTC_USDT,f
1718480473910,1718480558714.7412,66174.9,0.084,0,B-BTC_USDT,f
1718480474625,1718480559429.7468,66175.2,0.57,0,B-BTC_USDT,f
1718480474625,1718480559429.7468,66175.6,0.066,0,B-BTC_USDT,f
1718480474626,1718480559430.7468,66176.0,0.076,0,B-BTC_USDT,f
1718480474561,1718480559365.7468,66174.9,2.438,0,B-BTC_USDT,f
1718480474626,1718480559430.748,66176.2,0.782,0,B-BTC_USDT,f
1718480474731,1718480559535.749,66176.2,0.252,0,B-BTC_USDT,f
1718480474836,1718480559640.7505,66176.2,0.654,0,B-BTC_USDT,f
1718480475042,1718480559846.751,66176.6,0.013,0,B-BTC_USDT,f
1718480475032,1718480559836.751,66176.2,0.007,0,B-BTC_USDT,f
1718480475042,1718480559846.751,66176.5,0.002,0,B-BTC_USDT,f
1718480475042,1718480559846.7527,66176.8,0.002,0,B-BTC_USDT,f
1718480475337,1718480560141.7556,66177.0,0.002,1,B-BTC_USDT,f
1718480475871,1718480560675.7607,66177.0,0.114,1,B-BTC_USDT,f
1718480476343,1718480561147.7656,66177.1,0.003,0,B-BTC_USDT,f
1718480477439,1718480562243.7761,66177.0,0.008,1,B-BTC_USDT,f
1718480477553,1718480562357.7778,66177.1,0.005,0,B-BTC_USDT,f
1718480477960,1718480562764.7817,66177.0,0.905,1,B-BTC_USDT,f
1718480479694,1718480564498.799,66177.0,0.008,1,B-BTC_USDT,f
1718480479866,1718480564670.8008,66177.1,0.002,0,B-BTC_USDT,f
1718480481812,1718480566616.8203,66177.0,0.019,1,B-BTC_USDT,f
1718480482031,1718480566835.8225,66177.0,0.005,1,B-BTC_USDT,f
1718480483590,1718480568394.8381,66177.0,4.636,1,B-BTC_USDT,f
1718480483936,1718480568740.841,66177.0,0.002,1,B-BTC_USDT,f
1718480484048,1718480568852.8425,66177.0,0.002,1,B-BTC_USDT,f
1718480484287,1718480569091.844,66177.0,0.002,1,B-BTC_USDT,f
1718480484334,1718480569138.8455,66177.1,0.022,0,B-BTC_USDT,f
1718480485120,1718480569924.8533,66177.1,0.01,0,B-BTC_USDT,f
1718480486116,1718480570920.862,66177.1,0.019,0,B-BTC_USDT,f
1718480486140,1718480570944.8635,66177.0,0.196,1,B-BTC_USDT,f
1718480486520,1718480571324.8674,66177.1,1.0,0,B-BTC_USDT,f
1718480487233,1718480572037.8745,66177.0,0.003,1,B-BTC_USDT,f
1718480487728,1718480572532.8794,66177.1,0.018,0,B-BTC_USDT,f
1718480489293,1718480574097.895,66177.1,0.077,0,B-BTC_USDT,f
1718480492163,1718480576967.9238,66177.1,0.072,0,B-BTC_USDT,f
1718480493900,1718480578704.9412,66177.0,0.024,1,B-BTC_USDT,f
1718480494618,1718480579422.9485,66177.1,0.033,0,B-BTC_USDT,f
1718480495092,1718480579896.9526,66177.1,0.032,0,B-BTC_USDT,f
1718480495205,1718480580009.954,66177.1,0.015,0,B-BTC_USDT,f
1718480497734,1718480582538.9795,66177.0,0.012,1,B-BTC_USDT,f
1718480497921,1718480582725.9814,66177.1,0.124,0,B-BTC_USDT,f
1718480498386,1718480583190.986,66177.0,0.003,1,B-BTC_USDT,f
1718480498594,1718480583398.988,66177.0,0.004,1,B-BTC_USDT,f
1718480499819,1718480584624.0002,66177.0,0.025,1,B-BTC_USDT,f
1718480499962,1718480584767.0017,66177.0,0.002,1,B-BTC_USDT,f
1718480500476,1718480585281.0068,66177.0,0.004,1,B-BTC_USDT,f
1718480500679,1718480585484.009,66177.0,0.003,1,B-BTC_USDT,f
1718480501122,1718480585927.0134,66177.0,0.096,1,B-BTC_USDT,f
1718480501805,1718480586610.0203,66177.0,0.022,1,B-BTC_USDT,f
1718480502396,1718480587201.0251,66177.1,0.003,0,B-BTC_USDT,f
1718480502439,1718480587244.0266,66177.0,0.004,1,B-BTC_USDT,f
1718480502650,1718480587455.0288,66177.0,0.004,1,B-BTC_USDT,f
1718480503265,1718480588070.035,66177.0,0.002,1,B-BTC_USDT,f
1718480503484,1718480588289.0369,66177.1,0.02,0,B-BTC_USDT,f
1718480503922,1718480588727.0408,66177.0,0.023,1,B-BTC_USDT,f
1718480504004,1718480588809.041,66177.1,0.002,0,B-BTC_USDT,f
1718480504028,1718480588833.042,66177.0,0.003,1,B-BTC_USDT,f
1718480504130,1718480588935.0435,66177.1,0.005,0,B-BTC_USDT,f
1718480504309,1718480589114.045,66177.0,0.244,1,B-BTC_USDT,f
1718480504436,1718480589241.0466,66177.0,0.003,1,B-BTC_USDT,f
1718480504583,1718480589388.0479,66177.0,0.02,1,B-BTC_USDT,f
1718480504828,1718480589633.0498,66177.1,0.024,0,B-BTC_USDT,f
1718480504907,1718480589712.0513,66177.0,0.002,1,B-BTC_USDT,f
1718480505192,1718480589997.054,66177.0,0.004,1,B-BTC_USDT,f
1718480505431,1718480590236.0564,66177.0,0.018,1,B-BTC_USDT,f
1718480505877,1718480590682.0605,66177.0,0.023,1,B-BTC_USDT,f
1718480505982,1718480590787.062,66177.0,0.002,1,B-BTC_USDT,f
1718480506492,1718480591297.0671,66177.0,0.004,1,B-BTC_USDT,f
1718480506695,1718480591500.069,66177.0,0.003,1,B-BTC_USDT,f
1718480506909,1718480591714.0713,66177.0,0.002,1,B-BTC_USDT,f
1718480507711,1718480592516.0789,66177.0,0.015,1,B-BTC_USDT,f
1718480507832,1718480592637.0806,66177.0,0.024,1,B-BTC_USDT,f
1718480508460,1718480593265.0867,66177.0,0.003,1,B-BTC_USDT,f
1718480508664,1718480593469.0889,66177.0,0.004,1,B-BTC_USDT,f
1718480509109,1718480593914.0933,66177.0,0.157,1,B-BTC_USDT,f
1718480509297,1718480594102.095,66177.0,0.005,1,B-BTC_USDT,f
1718480509440,1718480594245.0964,66177.0,0.046,1,B-BTC_USDT,f
1718480509573,1718480594378.098,66177.1,0.002,0,B-BTC_USDT,f
1718480509780,1718480594585.0996,66177.1,0.036,0,B-BTC_USDT,f
1718480509904,1718480594709.1008,66177.0,0.023,1,B-BTC_USDT,f
1718480510008,1718480594813.1023,66177.0,0.003,1,B-BTC_USDT,f
1718480510418,1718480595223.1064,66177.0,0.004,1,B-BTC_USDT,f
1718480510633,1718480595438.1084,66177.0,0.003,1,B-BTC_USDT,f
1718480510914,1718480595719.1113,66177.1,0.004,0,B-BTC_USDT,f
1718480511181,1718480595986.114,66177.0,0.006,1,B-BTC_USDT,f
1718480511348,1718480596153.1157,66177.0,0.006,1,B-BTC_USDT,f
1718480511863,1718480596668.1204,66177.0,0.022,1,B-BTC_USDT,f
1718480511967,1718480596772.1218,66177.0,0.002,1,B-BTC_USDT,f
1718480512177,1718480596982.1238,66177.0,0.113,1,B-BTC_USDT,f
1718480512385,1718480597190.126,66177.0,0.003,1,B-BTC_USDT,f
1718480512700,1718480597505.1277,66177.0,0.004,1,B-BTC_USDT,f
1718480512712,1718480597517.1294,66177.1,0.105,0,B-BTC_USDT,f
1718480513831,1718480598636.1404,66177.0,0.023,1,B-BTC_USDT,f
1718480514302,1718480599107.1453,66177.0,0.006,1,B-BTC_USDT,f
1718480514544,1718480599349.1472,66177.0,0.451,1,B-BTC_USDT,f
1718480514658,1718480599463.1487,66177.0,0.004,1,B-BTC_USDT,f
1718480515190,1718480599995.1533,66177.1,0.022,0,B-BTC_USDT,f
1718480515271,1718480600076.1548,66177.0,0.002,1,B-BTC_USDT,f
1718480515786,1718480600591.16,66177.0,0.026,1,B-BTC_USDT,f
1718480516501,1718480601306.1672,66177.0,0.003,1,B-BTC_USDT,f
1718480516722,1718480601527.1694,66177.0,0.003,1,B-BTC_USDT,f
1718480516930,1718480601735.1714,66177.0,0.002,1,B-BTC_USDT,f
1718480517697,1718480602502.1792,66177.1,0.031,0,B-BTC_USDT,f
1718480517867,1718480602672.1804,66177.0,0.023,1,B-BTC_USDT,f
1718480517971,1718480602776.182,66177.0,0.002,1,B-BTC_USDT,f
1718480518514,1718480603319.1873,66177.0,0.003,1,B-BTC_USDT,f
1718480518714,1718480603519.1892,66177.0,0.008,1,B-BTC_USDT,f
1718480518914,1718480603719.19,66177.0,0.202,1,B-BTC_USDT,f
1718480518934,1718480603739.1904,66177.1,0.198,0,B-BTC_USDT,f
1718480518983,1718480603788.192,66177.0,0.003,1,B-BTC_USDT,f
1718480519115,1718480603920.1929,66177.0,0.007,1,B-BTC_USDT,f
1718480519218,1718480604023.1943,66177.0,0.005,1,B-BTC_USDT,f
1718480519384,1718480604189.196,66177.0,0.004,1,B-BTC_USDT,f
1718480519583,1718480604388.1978,66177.0,0.004,1,B-BTC_USDT,f
1718480519698,1718480604503.1992,66177.0,0.042,1,B-BTC_USDT,f
1718480519952,1718480604757.2017,66177.0,0.025,1,B-BTC_USDT,f
1718480520143,1718480604948.2021,66177.1,0.009,0,B-BTC_USDT,f
1718480520151,1718480604956.2036,66177.0,0.024,1,B-BTC_USDT,f
1718480520352,1718480605157.2056,66177.0,0.025,1,B-BTC_USDT,f
1718480520551,1718480605356.2078,66177.0,0.022,1,B-BTC_USDT,f
1718480520751,1718480605556.2097,66177.0,0.646,1,B-BTC_USDT,f
1718480521296,1718480606101.215,66177.0,0.002,1,B-BTC_USDT,f
1718480523074,1718480607879.233,66177.0,0.037,1,B-BTC_USDT,f
1718480523383,1718480608188.236,66177.0,0.005,1,B-BTC_USDT,f
1718480524305,1718480609110.2454,66177.1,0.009,0,B-BTC_USDT,f
1718480524490,1718480609295.2456,66177.1,0.015,0,B-BTC_USDT,f
1718480524507,1718480609312.2473,66177.0,0.755,1,B-BTC_USDT,f
1718480524937,1718480609742.25,66177.0,0.004,1,B-BTC_USDT,f
1718480524945,1718480609750.2515,66177.1,0.004,0,B-BTC_USDT,f
1718480525475,1718480610280.2568,66177.1,0.022,0,B-BTC_USDT,f
1718480525738,1718480610543.2595,66177.0,0.007,1,B-BTC_USDT,f
1718480525937,1718480610742.2615,66177.1,0.006,0,B-BTC_USDT,f
1718480527009,1718480611814.2722,66177.0,0.002,1,B-BTC_USDT,f
1718480527420,1718480612225.2764,66177.0,0.002,1,B-BTC_USDT,f
1718480528132,1718480612937.2834,66177.1,0.006,0,B-BTC_USDT,f
1718480528296,1718480613101.2852,66177.1,0.009,0,B-BTC_USDT,f
1718480528487,1718480613292.287,66177.1,0.002,0,B-BTC_USDT,f
1718480528661,1718480613466.2888,66177.1,0.008,0,B-BTC_USDT,f
1718480528892,1718480613697.2908,66177.1,0.025,0,B-BTC_USDT,f
1718480529020,1718480613825.2925,66177.1,0.002,0,B-BTC_USDT,f
1718480529248,1718480614053.2942,66177.1,0.04,0,B-BTC_USDT,f
1718480529361,1718480614166.296,66177.1,0.006,0,B-BTC_USDT,f
1718480529587,1718480614392.2976,66177.1,0.004,0,B-BTC_USDT,f
1718480529700,1718480614505.2979,66177.0,0.008,1,B-BTC_USDT,f
1718480529723,1718480614528.2993,66177.1,0.011,0,B-BTC_USDT,f
1718480529885,1718480614690.3008,66177.1,0.015,0,B-BTC_USDT,f
1718480530018,1718480614823.302,66177.1,0.009,0,B-BTC_USDT,f
1718480530138,1718480614943.3035,66177.1,0.004,0,B-BTC_USDT,f
1718480530346,1718480615151.3057,66177.1,0.025,0,B-BTC_USDT,f
1718480530537,1718480615342.3076,66177.1,0.011,0,B-BTC_USDT,f
1718480530755,1718480615560.3083,66177.0,0.002,1,B-BTC_USDT,f
1718480530774,1718480615579.3098,66177.1,0.008,0,B-BTC_USDT,f
1718480530956,1718480615761.3115,66177.1,0.02,0,B-BTC_USDT,f
1718480531097,1718480615902.313,66177.1,0.006,0,B-BTC_USDT,f
1718480531234,1718480616039.3142,66177.1,0.002,0,B-BTC_USDT,f
1718480531345,1718480616150.3157,66177.1,0.005,0,B-BTC_USDT,f
1718480531512,1718480616317.317,66177.1,0.009,0,B-BTC_USDT,f
1718480531616,1718480616421.3179,66177.1,0.011,0,B-BTC_USDT,f
1718480531734,1718480616539.3196,66177.1,0.012,0,B-BTC_USDT,f
1718480531893,1718480616698.3208,66177.1,0.003,0,B-BTC_USDT,f
1718480532015,1718480616820.3223,66177.1,0.01,0,B-BTC_USDT,f
1718480532240,1718480617045.3237,66177.1,0.002,0,B-BTC_USDT,f
1718480532294,1718480617099.3237,66177.0,0.084,1,B-BTC_USDT,f
1718480532311,1718480617116.3252,66177.1,0.007,0,B-BTC_USDT,f
1718480532505,1718480617310.3271,66177.1,0.005,0,B-BTC_USDT,f
1718480532699,1718480617504.329,66177.0,0.044,1,B-BTC_USDT,f
1718480532889,1718480617694.331,66177.1,0.031,0,B-BTC_USDT,f
1718480533288,1718480618093.335,66177.0,0.002,1,B-BTC_USDT,f
1718480533514,1718480618319.3372,66177.0,0.003,1,B-BTC_USDT,f
1718480535611,1718480620416.3582,66177.1,0.01,0,B-BTC_USDT,f
1718480535758,1718480620563.3596,66177.1,0.022,0,B-BTC_USDT,f
1718480536373,1718480621178.366,66177.0,0.5,1,B-BTC_USDT,f
1718480538884,1718480623689.3909,66177.0,0.007,1,B-BTC_USDT,f
1718480539104,1718480623909.393,66177.1,0.001,0,B-BTC_USDT,f
1718480539397,1718480624202.3962,66177.0,0.002,1,B-BTC_USDT,f
1718480540485,1718480625290.407,66177.1,0.005,0,B-BTC_USDT,f
1718480541404,1718480626209.4163,66177.1,0.002,0,B-BTC_USDT,f
1718480541625,1718480626430.4175,66177.0,0.153,1,B-BTC_USDT,f
1718480541674,1718480626479.419,66177.1,0.036,0,B-BTC_USDT,f
1718480542970,1718480627775.432,66177.0,0.002,1,B-BTC_USDT,f
1718480543285,1718480628090.435,66177.0,0.002,1,B-BTC_USDT,f
1718480543485,1718480628290.4368,66177.0,0.002,1,B-BTC_USDT,f
1718480543601,1718480628406.4382,66177.1,0.008,0,B-BTC_USDT,f
1718480544077,1718480628882.4429,66177.1,0.091,0,B-BTC_USDT,f
1718480544378,1718480629183.446,66177.0,0.038,1,B-BTC_USDT,f
1718480544797,1718480629602.45,66177.1,0.009,0,B-BTC_USDT,f
1718480544925,1718480629730.4514,66177.0,0.008,1,B-BTC_USDT,f
1718480545097,1718480629902.4531,66177.1,0.003,0,B-BTC_USDT,f
1718480545279,1718480630084.4548,66177.1,0.028,0,B-BTC_USDT,f
1718480545455,1718480630260.4568,66177.1,0.002,0,B-BTC_USDT,f
1718480545647,1718480630452.4583,66177.1,0.017,0,B-BTC_USDT,f
1718480545757,1718480630562.4597,66177.1,0.003,0,B-BTC_USDT,f
1718480545976,1718480630781.462,66177.1,0.04,0,B-BTC_USDT,f
1718480546154,1718480630959.4626,66177.1,0.03,0,B-BTC_USDT,f
1718480546208,1718480631013.4644,66177.0,0.793,1,B-BTC_USDT,f
1718480546376,1718480631181.4658,66177.0,0.003,1,B-BTC_USDT,f
1718480547401,1718480632206.476,66177.0,0.148,1,B-BTC_USDT,f
1718480547551,1718480632356.4775,66177.1,0.236,0,B-BTC_USDT,f
1718480548843,1718480633648.4905,66177.1,0.04,0,B-BTC_USDT,f
1718480549982,1718480634787.502,66177.1,0.151,0,B-BTC_USDT,f
1718480553397,1718480638202.5361,66177.0,0.007,1,B-BTC_USDT,f
1718480553618,1718480638423.5383,66177.0,0.002,1,B-BTC_USDT,f
1718480553848,1718480638653.5408,66177.1,0.003,0,B-BTC_USDT,f
1718480554674,1718480639479.5488,66177.0,0.005,1,B-BTC_USDT,f
1718480555067,1718480639872.5527,66177.0,0.002,1,B-BTC_USDT,f
1718480556070,1718480640875.5627,66177.0,3.693,1,B-BTC_USDT,f
1718480556215,1718480641020.5627,66176.7,0.006,1,B-BTC_USDT,f
1718480556213,1718480641018.5627,66177.0,1.931,1,B-BTC_USDT,f
1718480556215,1718480641020.563,66176.6,0.322,1,B-BTC_USDT,f
1718480556229,1718480641034.5645,66176.2,0.028,0,B-BTC_USDT,f
1718480556644,1718480641449.5686,66176.1,0.002,1,B-BTC_USDT,f
1718480557082,1718480641887.5718,66176.2,0.185,0,B-BTC_USDT,f
1718480557100,1718480641905.5732,66176.1,0.004,1,B-BTC_USDT,f
1718480557411,1718480642216.5762,66176.1,0.014,1,B-BTC_USDT,f
1718480558701,1718480643506.589,66176.2,0.005,0,B-BTC_USDT,f
1718480559145,1718480643950.5928,66176.1,0.005,1,B-BTC_USDT,f
1718480559211,1718480644016.5942,66176.2,0.009,0,B-BTC_USDT,f
1718480559457,1718480644262.5967,66176.1,0.014,1,B-BTC_USDT,f
1718480559765,1718480644570.5999,66176.1,0.002,1,B-BTC_USDT,f
1718480561133,1718480645938.6135,66176.1,0.005,1,B-BTC_USDT,f
1718480561541,1718480646346.6177,66176.1,0.014,1,B-BTC_USDT,f
1718480562554,1718480647359.6277,66176.1,0.002,1,B-BTC_USDT,f
1718480562922,1718480647727.6313,66176.2,0.452,0,B-BTC_USDT,f
1718480563188,1718480647993.634,66176.1,0.006,1,B-BTC_USDT,f
1718480563493,1718480648298.6372,66176.1,0.014,1,B-BTC_USDT,f
1718480563904,1718480648709.641,66176.1,0.002,1,B-BTC_USDT,f
1718480565143,1718480649948.6536,66176.1,0.004,1,B-BTC_USDT,f
1718480565452,1718480650257.6567,66176.1,0.015,1,B-BTC_USDT,f
1718480566132,1718480650937.6636,66176.1,0.022,1,B-BTC_USDT,f
1718480566597,1718480651402.6682,66176.2,0.022,0,B-BTC_USDT,f
1718480567196,1718480652001.674,66176.1,0.005,1,B-BTC_USDT,f
1718480567503,1718480652308.6772,66176.1,0.014,1,B-BTC_USDT,f
1718480567761,1718480652566.6797,66176.2,0.002,0,B-BTC_USDT,f
1718480567914,1718480652719.6812,66176.1,0.002,1,B-BTC_USDT,f
1718480568281,1718480653086.685,66176.2,0.063,0,B-BTC_USDT,f
1718480568940,1718480653745.6917,66176.1,0.002,1,B-BTC_USDT,f
1718480569143,1718480653948.6934,66176.1,0.008,1,B-BTC_USDT,f
1718480569260,1718480654065.6948,66176.2,0.014,0,B-BTC_USDT,f
1718480569557,1718480654362.6978,66176.1,0.013,1,B-BTC_USDT,f
1718480570037,1718480654842.7026,66176.1,0.002,1,B-BTC_USDT,f
1718480570340,1718480655145.7056,66176.1,0.184,1,B-BTC_USDT,f
1718480570924,1718480655729.7114,66176.2,0.09,0,B-BTC_USDT,f
1718480571120,1718480655925.7134,66176.1,0.005,1,B-BTC_USDT,f
1718480571530,1718480656335.7175,66176.1,0.016,1,B-BTC_USDT,f
1718480571945,1718480656750.7217,66176.1,0.002,1,B-BTC_USDT,f
1718480572127,1718480656932.7234,66176.2,0.4,0,B-BTC_USDT,f
1718480572467,1718480657272.7268,66176.1,0.025,1,B-BTC_USDT,f
1718480573190,1718480657995.7336,66176.1,0.004,1,B-BTC_USDT,f
1718480573302,1718480658107.735,66176.1,0.07,1,B-BTC_USDT,f
1718480573498,1718480658303.737,66176.1,0.013,1,B-BTC_USDT,f
1718480573933,1718480658738.7415,66176.2,0.02,0,B-BTC_USDT,f
1718480575053,1718480659858.7527,66176.1,0.005,1,B-BTC_USDT,f
1718480575460,1718480660265.7568,66176.1,0.015,1,B-BTC_USDT,f
1718480575871,1718480660676.7607,66176.1,0.002,1,B-BTC_USDT,f
1718480576470,1718480661275.7668,66176.1,0.002,1,B-BTC_USDT,f
1718480576883,1718480661688.771,66176.2,0.022,0,B-BTC_USDT,f
1718480577243,1718480662048.7742,66176.1,0.004,1,B-BTC_USDT,f
1718480577350,1718480662155.7742,66176.2,0.06,0,B-BTC_USDT,f
1718480577365,1718480662170.776,66176.1,0.011,1,B-BTC_USDT,f
1718480577557,1718480662362.7778,66176.1,0.02,1,B-BTC_USDT,f
1718480577758,1718480662563.7793,66176.1,0.018,1,B-BTC_USDT,f
1718480577869,1718480662674.781,66176.1,0.015,1,B-BTC_USDT,f
1718480578042,1718480662847.7822,66176.1,0.011,1,B-BTC_USDT,f
1718480578157,1718480662962.7837,66176.1,0.014,1,B-BTC_USDT,f
1718480578357,1718480663162.7856,66176.1,0.014,1,B-BTC_USDT,f
1718480580145,1718480664950.8037,66176.2,0.569,0,B-BTC_USDT,f
1718480580719,1718480665524.8093,66176.1,0.06,1,B-BTC_USDT,f
1718480585380,1718480670185.856,66176.2,0.2,0,B-BTC_USDT,f
1718480585531,1718480670336.8574,66176.1,0.002,1,B-BTC_USDT,f
1718480585868,1718480670673.8608,66176.2,0.024,0,B-BTC_USDT,f
1718480586056,1718480670861.8628,66176.2,0.002,0,B-BTC_USDT,f
1718480586369,1718480671174.8647,66176.1,0.017,1,B-BTC_USDT,f
1718480586414,1718480671219.8662,66176.2,0.002,0,B-BTC_USDT,f
1718480586809,1718480671614.8687,66176.5,0.09,0,B-BTC_USDT,f
1718480586773,1718480671578.869,66176.2,7.598,0,B-BTC_USDT,f
1718480586809,1718480671614.8687,66176.3,0.034,0,B-BTC_USDT,f
1718480586924,1718480671729.8699,66177.1,0.324,0,B-BTC_USDT,f
1718480586809,1718480671614.8699,66177.1,0.036,0,B-BTC_USDT,f
1718480586927,1718480671732.8699,66177.7,0.009,0,B-BTC_USDT,f
1718480586924,1718480671729.8699,66177.5,0.014,0,B-BTC_USDT,f
1718480586924,1718480671729.8699,66177.2,0.006,0,B-BTC_USDT,f
1718480586924,1718480671729.8699,66177.4,0.002,0,B-BTC_USDT,f
1718480586927,1718480671732.8699,66177.6,0.011,0,B-BTC_USDT,f
1718480586927,1718480671732.8699,66178.5,0.007,0,B-BTC_USDT,f
1718480586927,1718480671732.8699,66179.4,0.009,0,B-BTC_USDT,f
1718480586927,1718480671732.8699,66177.9,0.002,0,B-BTC_USDT,f
1718480586927,1718480671732.8699,66178.0,0.007,0,B-BTC_USDT,f
1718480586927,1718480671732.8699,66179.8,0.013,0,B-BTC_USDT,f
1718480586927,1718480671732.8699,66179.5,0.005,0,B-BTC_USDT,f
1718480586927,1718480671732.8699,66179.0,0.005,0,B-BTC_USDT,f
1718480586927,1718480671732.8699,66179.6,0.002,0,B-BTC_USDT,f
1718480586927,1718480671732.8699,66180.0,0.007,0,B-BTC_USDT,f
1718480586943,1718480671748.87,66181.0,0.016,0,B-BTC_USDT,f
1718480586927,1718480671732.87,66180.4,0.012,0,B-BTC_USDT,f
1718480586943,1718480671748.87,66180.6,0.002,0,B-BTC_USDT,f
1718480586955,1718480671760.87,66181.7,0.002,0,B-BTC_USDT,f
1718480586946,1718480671751.87,66181.2,0.018,0,B-BTC_USDT,f
1718480586955,1718480671760.8713,66182.0,0.002,0,B-BTC_USDT,f
1718480587065,1718480671870.8713,66182.4,0.021,0,B-BTC_USDT,f
1718480587065,1718480671870.8713,66182.7,0.09,0,B-BTC_USDT,f
1718480587066,1718480671871.8723,66182.8,0.002,0,B-BTC_USDT,f
1718480587167,1718480671972.8738,66182.8,0.022,0,B-BTC_USDT,f
1718480587556,1718480672361.8777,66182.8,0.005,0,B-BTC_USDT,f
1718480587887,1718480672692.8806,66182.7,0.01,1,B-BTC_USDT,f
1718480587988,1718480672793.882,66182.8,0.002,0,B-BTC_USDT,f
1718480588165,1718480672970.8838,66182.8,0.008,0,B-BTC_USDT,f
1718480588880,1718480673685.8909,66182.8,0.006,0,B-BTC_USDT,f
1718480589200,1718480674005.8938,66182.8,0.011,0,B-BTC_USDT,f
1718480589327,1718480674132.895,66182.8,0.01,0,B-BTC_USDT,f
1718480589441,1718480674246.8965,66182.8,0.002,0,B-BTC_USDT,f
1718480589776,1718480674581.9,66182.8,0.002,0,B-BTC_USDT,f
1718480589999,1718480674804.902,66182.8,0.002,0,B-BTC_USDT,f
1718480590253,1718480675058.904,66182.8,0.002,0,B-BTC_USDT,f
1718480590354,1718480675159.9058,66182.8,0.008,0,B-BTC_USDT,f
1718480590672,1718480675477.909,66182.8,0.002,0,B-BTC_USDT,f
1718480590956,1718480675761.9114,66182.8,0.003,0,B-BTC_USDT,f
1718480591066,1718480675871.9126,66182.8,0.002,0,B-BTC_USDT,f
1718480591193,1718480675998.914,66182.8,0.002,0,B-BTC_USDT,f
1718480591647,1718480676452.9187,66182.8,0.004,0,B-BTC_USDT,f
1718480591802,1718480676607.9202,66182.7,0.033,1,B-BTC_USDT,f
1718480592091,1718480676896.923,66182.8,0.135,0,B-BTC_USDT,f
1718480592324,1718480677129.9255,66182.8,0.005,0,B-BTC_USDT,f
1718480593362,1718480678167.9355,66182.8,0.6,0,B-BTC_USDT,f
1718480593492,1718480678297.937,66182.8,0.002,0,B-BTC_USDT,f
1718480594198,1718480679003.944,66182.7,0.004,1,B-BTC_USDT,f
1718480597449,1718480682254.9766,66182.8,0.022,0,B-BTC_USDT,f
1718480598403,1718480683208.986,66182.7,0.009,1,B-BTC_USDT,f
1718480598831,1718480683636.9905,66182.8,0.231,0,B-BTC_USDT,f
1718480599014,1718480683819.9922,66182.8,0.002,0,B-BTC_USDT,f
1718480599289,1718480684094.9941,66182.8,0.01,0,B-BTC_USDT,f
1718480599340,1718480684145.9941,66182.7,0.002,1,B-BTC_USDT,f
1718480599358,1718480684163.9958,66182.8,0.002,0,B-BTC_USDT,f
1718480599768,1718480684573.9998,66182.7,0.013,1,B-BTC_USDT,f
1718480600569,1718480685375.0078,66182.8,0.005,0,B-BTC_USDT,f
1718480600783,1718480685589.01,66182.8,0.003,0,B-BTC_USDT,f
1718480601304,1718480686110.0151,66182.8,0.153,0,B-BTC_USDT,f
1718480602068,1718480686874.023,66182.7,0.03,1,B-BTC_USDT,f
1718480602320,1718480687126.0254,66182.8,0.036,0,B-BTC_USDT,f
1718480603860,1718480688666.0403,66182.8,0.03,0,B-BTC_USDT,f
1718480603974,1718480688780.042,66182.8,0.6,0,B-BTC_USDT,f
1718480605734,1718480690540.0596,66182.7,0.002,1,B-BTC_USDT,f
1718480607734,1718480692540.0796,66182.8,0.022,0,B-BTC_USDT,f
1718480608141,1718480692947.0835,66182.7,0.736,1,B-BTC_USDT,f
1718480608407,1718480693213.0862,66182.8,0.021,0,B-BTC_USDT,f
1718480608744,1718480693550.0896,66182.8,0.05,0,B-BTC_USDT,f
1718480609078,1718480693884.093,66182.8,0.014,0,B-BTC_USDT,f
1718480609386,1718480694192.096,66182.7,0.003,1,B-BTC_USDT,f
1718480609778,1718480694584.0999,66182.7,0.007,1,B-BTC_USDT,f
1718480610015,1718480694821.101,66182.7,0.002,1,B-BTC_USDT,f
1718480610049,1718480694855.1025,66182.8,0.005,0,B-BTC_USDT,f
1718480611631,1718480696437.1184,66182.8,0.079,0,B-BTC_USDT,f
1718480611806,1718480696612.1204,66182.8,0.004,0,B-BTC_USDT,f
1718480613924,1718480698730.1414,66182.7,0.407,1,B-BTC_USDT,f
1718480614105,1718480698911.1428,66182.7,0.006,1,B-BTC_USDT,f
1718480614229,1718480699035.1445,66182.8,0.002,0,B-BTC_USDT,f
1718480614688,1718480699494.149,66182.7,0.463,1,B-BTC_USDT,f
1718480616236,1718480701042.1646,66182.8,0.037,0,B-BTC_USDT,f
1718480616519,1718480701325.1672,66182.8,0.056,0,B-BTC_USDT,f
1718480616827,1718480701633.17,66182.7,0.002,1,B-BTC_USDT,f
1718480616929,1718480701735.1714,66182.7,0.002,1,B-BTC_USDT,f
1718480617551,1718480702357.1775,66182.7,0.014,1,B-BTC_USDT,f
1718480617680,1718480702486.179,66182.8,0.004,0,B-BTC_USDT,f
1718480617914,1718480702720.181,66182.8,0.005,0,B-BTC_USDT,f
1718480618017,1718480702823.1824,66182.8,0.022,0,B-BTC_USDT,f
1718480618898,1718480703704.191,66182.7,0.002,1,B-BTC_USDT,f
1718480619020,1718480703826.1924,66182.7,0.002,1,B-BTC_USDT,f
1718480619368,1718480704174.1958,66182.8,0.022,0,B-BTC_USDT,f
1718480619637,1718480704443.1985,66182.7,0.013,1,B-BTC_USDT,f
1718480619994,1718480704800.2021,66182.8,0.003,0,B-BTC_USDT,f
1718480620153,1718480704959.2036,66182.7,0.002,1,B-BTC_USDT,f
1718480620464,1718480705270.2068,66182.8,0.8,0,B-BTC_USDT,f
1718480620872,1718480705678.211,66182.7,0.002,1,B-BTC_USDT,f
1718480621075,1718480705881.213,66182.7,0.003,1,B-BTC_USDT,f
1718480621598,1718480706404.218,66182.7,0.014,1,B-BTC_USDT,f
1718480622846,1718480707652.2302,66182.7,0.002,1,B-BTC_USDT,f
1718480622952,1718480707758.2312,66182.8,0.244,0,B-BTC_USDT,f
1718480623056,1718480707862.2327,66182.7,0.002,1,B-BTC_USDT,f
1718480623568,1718480708374.2378,66182.7,0.016,1,B-BTC_USDT,f
1718480624370,1718480709176.2446,66182.8,0.051,0,B-BTC_USDT,f
1718480624390,1718480709196.246,66182.7,0.002,1,B-BTC_USDT,f
1718480624808,1718480709614.2502,66182.7,0.003,1,B-BTC_USDT,f
1718480624975,1718480709781.252,66182.7,0.041,1,B-BTC_USDT,f
1718480625463,1718480710269.256,66182.8,0.055,0,B-BTC_USDT,f
1718480625548,1718480710354.2576,66182.7,0.013,1,B-BTC_USDT,f
1718480625855,1718480710661.2607,66182.7,0.597,1,B-BTC_USDT,f
1718480626185,1718480710991.264,66182.7,0.001,0,B-BTC_USDT,f
1718480626881,1718480711687.2705,66182.6,0.002,1,B-BTC_USDT,f
1718480626987,1718480711793.272,66182.6,0.002,1,B-BTC_USDT,f
1718480627306,1718480712112.2747,66182.7,6.021,0,B-BTC_USDT,f
1718480627398,1718480712204.2761,66182.6,0.002,1,B-BTC_USDT,f
1718480627605,1718480712411.278,66182.6,0.013,1,B-BTC_USDT,f
1718480628305,1718480713111.2842,66182.7,0.076,0,B-BTC_USDT,f
1718480628341,1718480713147.2856,66182.6,0.002,1,B-BTC_USDT,f
1718480628858,1718480713664.2908,66182.6,0.002,1,B-BTC_USDT,f
1718480629059,1718480713865.2927,66182.6,0.002,1,B-BTC_USDT,f
1718480629591,1718480714397.298,66182.6,0.013,1,B-BTC_USDT,f
1718480629741,1718480714547.2996,66182.7,0.005,0,B-BTC_USDT,f
1718485428150,1718485513004.2837,66086.7,4.389,0,B-BTC_USDT,f
1718485428471,1718485513325.2869,66086.6,0.006,1,B-BTC_USDT,f
1718485429497,1718485514351.297,66086.6,0.006,1,B-BTC_USDT,f
1718485430342,1718485515196.3042,66086.6,0.002,1,B-BTC_USDT,f
1718485430351,1718485515205.3052,66086.7,0.062,0,B-BTC_USDT,f
1718485430448,1718485515302.3066,66086.6,0.005,1,B-BTC_USDT,f
1718485430654,1718485515508.3088,66086.7,0.006,0,B-BTC_USDT,f
1718485431104,1718485515958.3132,66086.7,0.145,0,B-BTC_USDT,f
1718485431683,1718485516537.319,66086.6,0.002,1,B-BTC_USDT,f
1718485432031,1718485516885.3225,66086.6,0.002,1,B-BTC_USDT,f
1718485432438,1718485517292.3264,66086.6,0.005,1,B-BTC_USDT,f
1718485432854,1718485517708.3308,66086.6,0.004,1,B-BTC_USDT,f
1718485433257,1718485518111.3345,66086.7,0.018,0,B-BTC_USDT,f
1718485433378,1718485518232.336,66086.7,0.002,0,B-BTC_USDT,f
1718485434418,1718485519272.345,66086.6,0.005,1,B-BTC_USDT,f
1718485434426,1718485519280.3464,66086.7,0.112,0,B-BTC_USDT,f
1718485434833,1718485519687.3506,66086.6,0.006,1,B-BTC_USDT,f
1718485434988,1718485519842.3508,66086.7,0.007,0,B-BTC_USDT,f
1718485435031,1718485519885.351,66086.6,0.006,1,B-BTC_USDT,f
1718485435045,1718485519899.3525,66086.7,0.302,0,B-BTC_USDT,f
1718485435209,1718485520063.3542,66086.6,0.012,1,B-BTC_USDT,f
1718485435655,1718485520509.3586,66086.6,0.002,1,B-BTC_USDT,f
1718485436279,1718485521133.365,66086.6,0.415,1,B-BTC_USDT,f
1718485436569,1718485521423.3662,66085.7,0.004,1,B-BTC_USDT,f
1718485436569,1718485521423.3662,66084.4,0.002,1,B-BTC_USDT,f
1718485436569,1718485521423.3665,66084.0,0.002,1,B-BTC_USDT,f
1718485436569,1718485521423.3665,66083.8,0.002,1,B-BTC_USDT,f
1718485436542,1718485521396.3665,66086.4,0.018,1,B-BTC_USDT,f
1718485436573,1718485521427.368,66083.5,0.005,1,B-BTC_USDT,f
1718485436742,1718485521596.3696,66083.5,0.005,1,B-BTC_USDT,f
1718485436943,1718485521797.3716,66083.5,0.005,1,B-BTC_USDT,f
1718485437142,1718485521996.3735,66083.5,0.005,1,B-BTC_USDT,f
1718485437342,1718485522196.3755,66083.5,0.005,1,B-BTC_USDT,f
1718485438788,1718485523642.3901,66083.6,0.248,0,B-BTC_USDT,f
1718485438939,1718485523793.3916,66083.5,0.022,1,B-BTC_USDT,f
1718485440542,1718485525396.4075,66083.5,0.01,1,B-BTC_USDT,f
1718485442786,1718485527640.43,66083.5,0.002,1,B-BTC_USDT,f
1718485443849,1718485528703.4407,66083.5,0.006,1,B-BTC_USDT,f
1718485444180,1718485529034.4438,66083.5,0.152,1,B-BTC_USDT,f
1718485444322,1718485529176.445,66083.5,0.004,1,B-BTC_USDT,f
1718485444455,1718485529309.4468,66083.6,0.01,0,B-BTC_USDT,f
1718485444722,1718485529576.4495,66083.5,0.003,1,B-BTC_USDT,f
1718485445316,1718485530170.4553,66083.6,0.012,0,B-BTC_USDT,f
1718485445510,1718485530364.4573,66083.5,0.006,1,B-BTC_USDT,f
1718485446147,1718485531001.4636,66083.6,0.002,0,B-BTC_USDT,f
1718485446307,1718485531161.464,66083.5,0.015,1,B-BTC_USDT,f
1718485446353,1718485531207.4658,66083.6,0.029,0,B-BTC_USDT,f
1718485447736,1718485532590.4795,66083.6,0.002,0,B-BTC_USDT,f
1718485447911,1718485532765.4812,66083.5,0.01,1,B-BTC_USDT,f
1718485448272,1718485533126.4849,66083.5,0.012,1,B-BTC_USDT,f
1718485448879,1718485533733.49,66083.6,0.01,0,B-BTC_USDT,f
1718485448939,1718485533793.4915,66083.5,0.002,1,B-BTC_USDT,f
1718485449197,1718485534051.4941,66083.5,0.002,1,B-BTC_USDT,f
1718485449498,1718485534352.497,66083.6,0.014,0,B-BTC_USDT,f
1718485450443,1718485535297.5066,66083.5,0.003,1,B-BTC_USDT,f
1718485450762,1718485535616.5098,66083.6,0.026,0,B-BTC_USDT,f
1718485451810,1718485536664.5203,66083.6,0.01,0,B-BTC_USDT,f
1718485453459,1718485538313.5366,66083.5,0.018,1,B-BTC_USDT,f
1718485454141,1718485538995.5437,66083.5,0.002,1,B-BTC_USDT,f
1718485454719,1718485539573.5493,66083.5,0.007,1,B-BTC_USDT,f
1718485664724,1718485749580.651,66105.9,0.003,1,B-BTC_USDT,f
1718485665282,1718485750138.655,66106.0,0.098,0,B-BTC_USDT,f
1718485665534,1718485750390.659,66106.0,0.633,0,B-BTC_USDT,f
1718485665872,1718485750728.6604,66105.9,0.003,1,B-BTC_USDT,f
1718485665973,1718485750829.6619,66105.9,0.003,1,B-BTC_USDT,f
1718485666203,1718485751059.6648,66106.0,0.025,0,B-BTC_USDT,f
1718485666279,1718485751135.665,66105.9,0.019,1,B-BTC_USDT,f
1718485666690,1718485751546.6702,66105.9,0.003,1,B-BTC_USDT,f
1718485667325,1718485752181.6753,66106.0,0.002,0,B-BTC_USDT,f
1718485667748,1718485752604.679,66106.0,0.015,0,B-BTC_USDT,f
1718485667827,1718485752683.6816,66105.9,0.004,1,B-BTC_USDT,f
